2026-08-10 23:21:50 [FTL] [PaymentService]  !! PaymentService crashed on startup.
Microsoft.Extensions.Hosting.HostAbortedException: The host was aborted.
   at Microsoft.Extensions.Hosting.HostFactoryResolver.HostingListener.ThrowHostAborted()
   at Microsoft.Extensions.Hosting.HostFactoryResolver.HostingListener.OnNext(KeyValuePair`2 value)
   at System.Diagnostics.DiagnosticListener.Write(String name, Object value)
   at Microsoft.Extensions.Hosting.HostBuilder.ResolveHost(IServiceProvider serviceProvider, DiagnosticListener diagnosticListener)
   at Microsoft.Extensions.Hosting.HostApplicationBuilder.Build()
   at Microsoft.AspNetCore.Builder.WebApplicationBuilder.Build()
   at Program.<Main>$(String[] args) in C:\Users\ASUS\OneDrive\Desktop\SmartShip-ReTraining\SmartShip\Services\PaymentService\Presentation\SmartShip.Payment.API\Program.cs:line 168
2026-08-10 23:22:11 [FTL] [PaymentService]  !! PaymentService crashed on startup.
Microsoft.Extensions.Hosting.HostAbortedException: The host was aborted.
   at Microsoft.Extensions.Hosting.HostFactoryResolver.HostingListener.ThrowHostAborted()
   at Microsoft.Extensions.Hosting.HostFactoryResolver.HostingListener.OnNext(KeyValuePair`2 value)
   at System.Diagnostics.DiagnosticListener.Write(String name, Object value)
   at Microsoft.Extensions.Hosting.HostBuilder.ResolveHost(IServiceProvider serviceProvider, DiagnosticListener diagnosticListener)
   at Microsoft.Extensions.Hosting.HostApplicationBuilder.Build()
   at Microsoft.AspNetCore.Builder.WebApplicationBuilder.Build()
   at Program.<Main>$(String[] args) in C:\Users\ASUS\OneDrive\Desktop\SmartShip-ReTraining\SmartShip\Services\PaymentService\Presentation\SmartShip.Payment.API\Program.cs:line 168
2026-08-10 23:24:45 [INF] [PaymentService] Payment database migrated successfully.
2026-08-10 23:24:45 [INF] [PaymentService] Configured endpoint payment-shipment-cancelled-by-customer, Consumer: SmartShip.PaymentService.Infrastructure.Messaging.Consumers.ShipmentCancelledByCustomerConsumer
2026-08-10 23:24:45 [INF] [PaymentService] Configured endpoint payment-shipment-cancelled, Consumer: SmartShip.PaymentService.Infrastructure.Messaging.Consumers.ShipmentCancelledConsumer
2026-08-10 23:24:45 [INF] [PaymentService] Configured endpoint payment-user-deleted, Consumer: SmartShip.PaymentService.Infrastructure.Messaging.Consumers.UserDeletedConsumer
2026-08-10 23:24:49 [WRN] [PaymentService] Connection Failed: "rabbitmq://localhost/"
RabbitMQ.Client.Exceptions.BrokerUnreachableException: None of the specified endpoints were reachable
 ---> System.AggregateException: One or more errors occurred. (Connection failed, host 127.0.0.1:5672)
 ---> RabbitMQ.Client.Exceptions.ConnectFailureException: Connection failed, host 127.0.0.1:5672
 ---> System.Net.Sockets.SocketException (10061): No connection could be made because the target machine actively refused it.
   at System.Net.Sockets.Socket.AwaitableSocketAsyncEventArgs.ThrowException(SocketError error, CancellationToken cancellationToken)
   at System.Net.Sockets.Socket.AwaitableSocketAsyncEventArgs.System.Threading.Tasks.Sources.IValueTaskSource.GetResult(Int16 token)
   at System.Threading.Tasks.ValueTask.ValueTaskSourceAsTask.<>c.<.cctor>b__4_0(Object state)
--- End of stack trace from previous location ---
   at RabbitMQ.Client.Impl.SocketFactory.ConnectUsingAddressFamilyAsync(IPEndPoint endpoint, Func`2 socketFactory, AddressFamily family, TimeSpan connectionTimeout, CancellationToken cancellationToken)
   --- End of inner exception stack trace ---
   at RabbitMQ.Client.Impl.SocketFactory.ConnectUsingAddressFamilyAsync(IPEndPoint endpoint, Func`2 socketFactory, AddressFamily family, TimeSpan connectionTimeout, CancellationToken cancellationToken)
   at RabbitMQ.Client.Impl.SocketFactory.OpenAsync(AmqpTcpEndpoint amqpTcpEndpoint, Func`2 socketFactory, TimeSpan connectionTimeout, CancellationToken cancellationToken)
   at RabbitMQ.Client.Impl.SocketFrameHandler.CreateAsync(AmqpTcpEndpoint amqpTcpEndpoint, Func`2 socketFactory, TimeSpan connectionTimeout, CancellationToken cancellationToken)
   at RabbitMQ.Client.ConnectionFactory.CreateFrameHandlerAsync(AmqpTcpEndpoint endpoint, CancellationToken cancellationToken)
   at RabbitMQ.Client.EndpointResolverExtensions.SelectOneAsync[T](IEndpointResolver resolver, Func`3 selector, CancellationToken cancellationToken)
   --- End of inner exception stack trace ---
   at RabbitMQ.Client.EndpointResolverExtensions.SelectOneAsync[T](IEndpointResolver resolver, Func`3 selector, CancellationToken cancellationToken)
   at RabbitMQ.Client.ConnectionFactory.CreateConnectionAsync(IEndpointResolver endpointResolver, String clientProvidedName, CancellationToken cancellationToken)
   --- End of inner exception stack trace ---
   at RabbitMQ.Client.ConnectionFactory.CreateConnectionAsync(IEndpointResolver endpointResolver, String clientProvidedName, CancellationToken cancellationToken)
   at MassTransit.RabbitMqTransport.ConnectionContextFactory.CreateConnection(ISupervisor supervisor) in /_/src/Transports/MassTransit.RabbitMqTransport/RabbitMqTransport/ConnectionContextFactory.cs:line 108
2026-08-10 23:24:50 [INF] [PaymentService] Retrying "00:00:05.6967278": Broker unreachable: guest@localhost:5672/
MassTransit.RabbitMqConnectionException: Broker unreachable: guest@localhost:5672/
 ---> RabbitMQ.Client.Exceptions.BrokerUnreachableException: None of the specified endpoints were reachable
 ---> System.AggregateException: One or more errors occurred. (Connection failed, host 127.0.0.1:5672)
 ---> RabbitMQ.Client.Exceptions.ConnectFailureException: Connection failed, host 127.0.0.1:5672
 ---> System.Net.Sockets.SocketException (10061): No connection could be made because the target machine actively refused it.
   at System.Net.Sockets.Socket.AwaitableSocketAsyncEventArgs.ThrowException(SocketError error, CancellationToken cancellationToken)
   at System.Net.Sockets.Socket.AwaitableSocketAsyncEventArgs.System.Threading.Tasks.Sources.IValueTaskSource.GetResult(Int16 token)
   at System.Threading.Tasks.ValueTask.ValueTaskSourceAsTask.<>c.<.cctor>b__4_0(Object state)
--- End of stack trace from previous location ---
   at RabbitMQ.Client.Impl.SocketFactory.ConnectUsingAddressFamilyAsync(IPEndPoint endpoint, Func`2 socketFactory, AddressFamily family, TimeSpan connectionTimeout, CancellationToken cancellationToken)
   --- End of inner exception stack trace ---
   at RabbitMQ.Client.Impl.SocketFactory.ConnectUsingAddressFamilyAsync(IPEndPoint endpoint, Func`2 socketFactory, AddressFamily family, TimeSpan connectionTimeout, CancellationToken cancellationToken)
   at RabbitMQ.Client.Impl.SocketFactory.OpenAsync(AmqpTcpEndpoint amqpTcpEndpoint, Func`2 socketFactory, TimeSpan connectionTimeout, CancellationToken cancellationToken)
   at RabbitMQ.Client.Impl.SocketFrameHandler.CreateAsync(AmqpTcpEndpoint amqpTcpEndpoint, Func`2 socketFactory, TimeSpan connectionTimeout, CancellationToken cancellationToken)
   at RabbitMQ.Client.ConnectionFactory.CreateFrameHandlerAsync(AmqpTcpEndpoint endpoint, CancellationToken cancellationToken)
   at RabbitMQ.Client.EndpointResolverExtensions.SelectOneAsync[T](IEndpointResolver resolver, Func`3 selector, CancellationToken cancellationToken)
   --- End of inner exception stack trace ---
   at RabbitMQ.Client.EndpointResolverExtensions.SelectOneAsync[T](IEndpointResolver resolver, Func`3 selector, CancellationToken cancellationToken)
   at RabbitMQ.Client.ConnectionFactory.CreateConnectionAsync(IEndpointResolver endpointResolver, String clientProvidedName, CancellationToken cancellationToken)
   --- End of inner exception stack trace ---
   at RabbitMQ.Client.ConnectionFactory.CreateConnectionAsync(IEndpointResolver endpointResolver, String clientProvidedName, CancellationToken cancellationToken)
   at MassTransit.RabbitMqTransport.ConnectionContextFactory.CreateConnection(ISupervisor supervisor) in /_/src/Transports/MassTransit.RabbitMqTransport/RabbitMqTransport/ConnectionContextFactory.cs:line 108
   --- End of inner exception stack trace ---
   at MassTransit.RabbitMqTransport.ConnectionContextFactory.CreateConnection(ISupervisor supervisor) in /_/src/Transports/MassTransit.RabbitMqTransport/RabbitMqTransport/ConnectionContextFactory.cs:line 135
   at MassTransit.Internals.TaskExtensions.<>c__DisplayClass2_0`1.<<OrCanceled>g__WaitAsync|0>d.MoveNext() in /_/src/MassTransit.Abstractions/Internals/Extensions/TaskExtensions.cs:line 72
--- End of stack trace from previous location ---
   at MassTransit.Internals.TaskExtensions.<>c__DisplayClass2_0`1.<<OrCanceled>g__WaitAsync|0>d.MoveNext() in /_/src/MassTransit.Abstractions/Internals/Extensions/TaskExtensions.cs:line 72
--- End of stack trace from previous location ---
   at MassTransit.RabbitMqTransport.ConnectionContextFactory.CreateSharedConnection(Task`1 contextTask, CancellationToken cancellationToken) in /_/src/Transports/MassTransit.RabbitMqTransport/RabbitMqTransport/ConnectionContextFactory.cs:line 74
   at MassTransit.Agents.PipeContextSupervisor`1.Send(IPipe`1 pipe, CancellationToken cancellationToken) in /_/src/MassTransit/Agents/PipeContextSupervisor.cs:line 51
   at MassTransit.Agents.PipeContextSupervisor`1.Send(IPipe`1 pipe, CancellationToken cancellationToken) in /_/src/MassTransit/Agents/PipeContextSupervisor.cs:line 61
   at MassTransit.Agents.PipeContextSupervisor`1.Send(IPipe`1 pipe, CancellationToken cancellationToken) in /_/src/MassTransit/Agents/PipeContextSupervisor.cs:line 67
   at MassTransit.SupervisorExtensions.<>c__DisplayClass5_0`2.<<CreateAgent>g__HandleSupervisorTask|0>d.MoveNext() in /_/src/MassTransit/SupervisorExtensions.cs:line 139
   at MassTransit.Internals.TaskExtensions.<>c__DisplayClass2_0`1.<<OrCanceled>g__WaitAsync|0>d.MoveNext() in /_/src/MassTransit.Abstractions/Internals/Extensions/TaskExtensions.cs:line 72
--- End of stack trace from previous location ---
   at MassTransit.Internals.TaskExtensions.<>c__DisplayClass2_0`1.<<OrCanceled>g__WaitAsync|0>d.MoveNext() in /_/src/MassTransit.Abstractions/Internals/Extensions/TaskExtensions.cs:line 72
--- End of stack trace from previous location ---
   at MassTransit.RabbitMqTransport.ChannelContextFactory.CreateSharedChannel(Task`1 contextTask, CancellationToken cancellationToken) in /_/src/Transports/MassTransit.RabbitMqTransport/RabbitMqTransport/ChannelContextFactory.cs:line 79
   at MassTransit.Agents.PipeContextSupervisor`1.Send(IPipe`1 pipe, CancellationToken cancellationToken) in /_/src/MassTransit/Agents/PipeContextSupervisor.cs:line 51
   at MassTransit.Agents.PipeContextSupervisor`1.Send(IPipe`1 pipe, CancellationToken cancellationToken) in /_/src/MassTransit/Agents/PipeContextSupervisor.cs:line 61
   at MassTransit.Internals.TaskExtensions.<>c__DisplayClass2_0`1.<<OrCanceled>g__WaitAsync|0>d.MoveNext() in /_/src/MassTransit.Abstractions/Internals/Extensions/TaskExtensions.cs:line 72
--- End of stack trace from previous location ---
   at MassTransit.Agents.PipeContextSupervisor`1.Send(IPipe`1 pipe, CancellationToken cancellationToken) in /_/src/MassTransit/Agents/PipeContextSupervisor.cs:line 67
   at MassTransit.Transports.ReceiveTransport`1.ReceiveTransportAgent.RunTransport() in /_/src/MassTransit/Transports/ReceiveTransport.cs:line 203
   at MassTransit.Agents.PipeContextSupervisor`1.Send(IPipe`1 pipe, CancellationToken cancellationToken) in /_/src/MassTransit/Agents/PipeContextSupervisor.cs:line 51
   at MassTransit.RabbitMqTransport.ChannelContextFactory.CreateSharedChannel(Task`1 contextTask, CancellationToken cancellationToken) in /_/src/Transports/MassTransit.RabbitMqTransport/RabbitMqTransport/ChannelContextFactory.cs:line 79
   at MassTransit.Agents.PipeContextSupervisor`1.Send(IPipe`1 pipe, CancellationToken cancellationToken) in /_/src/MassTransit/Agents/PipeContextSupervisor.cs:line 61
   at MassTransit.Agents.PipeContextSupervisor`1.Send(IPipe`1 pipe, CancellationToken cancellationToken) in /_/src/MassTransit/Agents/PipeContextSupervisor.cs:line 67
   at MassTransit.Transports.TransportStartExtensions.OnTransportStartup[T](ReceiveEndpointContext context, ITransportSupervisor`1 supervisor, CancellationToken cancellationToken) in /_/src/MassTransit/Transports/TransportStartExtensions.cs:line 19
   at MassTransit.Transports.ReceiveTransport`1.ReceiveTransportAgent.RunTransport() in /_/src/MassTransit/Transports/ReceiveTransport.cs:line 200
   at MassTransit.Transports.ReceiveTransport`1.ReceiveTransportAgent.RunTransport() in /_/src/MassTransit/Transports/ReceiveTransport.cs:line 208
   at MassTransit.Transports.ReceiveTransport`1.ReceiveTransportAgent.RunTransport() in /_/src/MassTransit/Transports/ReceiveTransport.cs:line 208
   at MassTransit.Transports.ReceiveTransport`1.ReceiveTransportAgent.RunTransport() in /_/src/MassTransit/Transports/ReceiveTransport.cs:line 208
   at MassTransit.Transports.ReceiveTransport`1.ReceiveTransportAgent.RunTransport() in /_/src/MassTransit/Transports/ReceiveTransport.cs:line 208
   at MassTransit.Transports.ReceiveTransport`1.ReceiveTransportAgent.Run() in /_/src/MassTransit/Transports/ReceiveTransport.cs:line 145
   at MassTransit.Transports.ReceiveTransport`1.ReceiveTransportAgent.Run() in /_/src/MassTransit/Transports/ReceiveTransport.cs:line 145
2026-08-10 23:24:50 [INF] [PaymentService] Retrying "00:00:04.8900407": Broker unreachable: guest@localhost:5672/
MassTransit.RabbitMqConnectionException: Broker unreachable: guest@localhost:5672/
 ---> RabbitMQ.Client.Exceptions.BrokerUnreachableException: None of the specified endpoints were reachable
 ---> System.AggregateException: One or more errors occurred. (Connection failed, host 127.0.0.1:5672)
 ---> RabbitMQ.Client.Exceptions.ConnectFailureException: Connection failed, host 127.0.0.1:5672
 ---> System.Net.Sockets.SocketException (10061): No connection could be made because the target machine actively refused it.
   at System.Net.Sockets.Socket.AwaitableSocketAsyncEventArgs.ThrowException(SocketError error, CancellationToken cancellationToken)
   at System.Net.Sockets.Socket.AwaitableSocketAsyncEventArgs.System.Threading.Tasks.Sources.IValueTaskSource.GetResult(Int16 token)
   at System.Threading.Tasks.ValueTask.ValueTaskSourceAsTask.<>c.<.cctor>b__4_0(Object state)
--- End of stack trace from previous location ---
   at RabbitMQ.Client.Impl.SocketFactory.ConnectUsingAddressFamilyAsync(IPEndPoint endpoint, Func`2 socketFactory, AddressFamily family, TimeSpan connectionTimeout, CancellationToken cancellationToken)
   --- End of inner exception stack trace ---
   at RabbitMQ.Client.Impl.SocketFactory.ConnectUsingAddressFamilyAsync(IPEndPoint endpoint, Func`2 socketFactory, AddressFamily family, TimeSpan connectionTimeout, CancellationToken cancellationToken)
   at RabbitMQ.Client.Impl.SocketFactory.OpenAsync(AmqpTcpEndpoint amqpTcpEndpoint, Func`2 socketFactory, TimeSpan connectionTimeout, CancellationToken cancellationToken)
   at RabbitMQ.Client.Impl.SocketFrameHandler.CreateAsync(AmqpTcpEndpoint amqpTcpEndpoint, Func`2 socketFactory, TimeSpan connectionTimeout, CancellationToken cancellationToken)
   at RabbitMQ.Client.ConnectionFactory.CreateFrameHandlerAsync(AmqpTcpEndpoint endpoint, CancellationToken cancellationToken)
   at RabbitMQ.Client.EndpointResolverExtensions.SelectOneAsync[T](IEndpointResolver resolver, Func`3 selector, CancellationToken cancellationToken)
   --- End of inner exception stack trace ---
   at RabbitMQ.Client.EndpointResolverExtensions.SelectOneAsync[T](IEndpointResolver resolver, Func`3 selector, CancellationToken cancellationToken)
   at RabbitMQ.Client.ConnectionFactory.CreateConnectionAsync(IEndpointResolver endpointResolver, String clientProvidedName, CancellationToken cancellationToken)
   --- End of inner exception stack trace ---
   at RabbitMQ.Client.ConnectionFactory.CreateConnectionAsync(IEndpointResolver endpointResolver, String clientProvidedName, CancellationToken cancellationToken)
   at MassTransit.RabbitMqTransport.ConnectionContextFactory.CreateConnection(ISupervisor supervisor) in /_/src/Transports/MassTransit.RabbitMqTransport/RabbitMqTransport/ConnectionContextFactory.cs:line 108
   --- End of inner exception stack trace ---
   at MassTransit.RabbitMqTransport.ConnectionContextFactory.CreateConnection(ISupervisor supervisor) in /_/src/Transports/MassTransit.RabbitMqTransport/RabbitMqTransport/ConnectionContextFactory.cs:line 135
   at MassTransit.Internals.TaskExtensions.<>c__DisplayClass2_0`1.<<OrCanceled>g__WaitAsync|0>d.MoveNext() in /_/src/MassTransit.Abstractions/Internals/Extensions/TaskExtensions.cs:line 72
--- End of stack trace from previous location ---
   at MassTransit.Internals.TaskExtensions.<>c__DisplayClass2_0`1.<<OrCanceled>g__WaitAsync|0>d.MoveNext() in /_/src/MassTransit.Abstractions/Internals/Extensions/TaskExtensions.cs:line 72
--- End of stack trace from previous location ---
   at MassTransit.RabbitMqTransport.ConnectionContextFactory.CreateSharedConnection(Task`1 contextTask, CancellationToken cancellationToken) in /_/src/Transports/MassTransit.RabbitMqTransport/RabbitMqTransport/ConnectionContextFactory.cs:line 74
   at MassTransit.Agents.PipeContextSupervisor`1.Send(IPipe`1 pipe, CancellationToken cancellationToken) in /_/src/MassTransit/Agents/PipeContextSupervisor.cs:line 51
   at MassTransit.Agents.PipeContextSupervisor`1.Send(IPipe`1 pipe, CancellationToken cancellationToken) in /_/src/MassTransit/Agents/PipeContextSupervisor.cs:line 61
   at MassTransit.Agents.PipeContextSupervisor`1.Send(IPipe`1 pipe, CancellationToken cancellationToken) in /_/src/MassTransit/Agents/PipeContextSupervisor.cs:line 67
   at MassTransit.SupervisorExtensions.<>c__DisplayClass5_0`2.<<CreateAgent>g__HandleSupervisorTask|0>d.MoveNext() in /_/src/MassTransit/SupervisorExtensions.cs:line 139
   at MassTransit.Internals.TaskExtensions.<>c__DisplayClass2_0`1.<<OrCanceled>g__WaitAsync|0>d.MoveNext() in /_/src/MassTransit.Abstractions/Internals/Extensions/TaskExtensions.cs:line 72
--- End of stack trace from previous location ---
   at MassTransit.Internals.TaskExtensions.<>c__DisplayClass2_0`1.<<OrCanceled>g__WaitAsync|0>d.MoveNext() in /_/src/MassTransit.Abstractions/Internals/Extensions/TaskExtensions.cs:line 72
--- End of stack trace from previous location ---
   at MassTransit.RabbitMqTransport.ChannelContextFactory.CreateSharedChannel(Task`1 contextTask, CancellationToken cancellationToken) in /_/src/Transports/MassTransit.RabbitMqTransport/RabbitMqTransport/ChannelContextFactory.cs:line 79
   at MassTransit.Agents.PipeContextSupervisor`1.Send(IPipe`1 pipe, CancellationToken cancellationToken) in /_/src/MassTransit/Agents/PipeContextSupervisor.cs:line 51
   at MassTransit.Agents.PipeContextSupervisor`1.Send(IPipe`1 pipe, CancellationToken cancellationToken) in /_/src/MassTransit/Agents/PipeContextSupervisor.cs:line 61
   at MassTransit.Internals.TaskExtensions.<>c__DisplayClass2_0`1.<<OrCanceled>g__WaitAsync|0>d.MoveNext() in /_/src/MassTransit.Abstractions/Internals/Extensions/TaskExtensions.cs:line 72
--- End of stack trace from previous location ---
   at MassTransit.Agents.PipeContextSupervisor`1.Send(IPipe`1 pipe, CancellationToken cancellationToken) in /_/src/MassTransit/Agents/PipeContextSupervisor.cs:line 67
   at MassTransit.Transports.ReceiveTransport`1.ReceiveTransportAgent.RunTransport() in /_/src/MassTransit/Transports/ReceiveTransport.cs:line 203
   at MassTransit.Agents.PipeContextSupervisor`1.Send(IPipe`1 pipe, CancellationToken cancellationToken) in /_/src/MassTransit/Agents/PipeContextSupervisor.cs:line 51
   at MassTransit.RabbitMqTransport.ChannelContextFactory.CreateSharedChannel(Task`1 contextTask, CancellationToken cancellationToken) in /_/src/Transports/MassTransit.RabbitMqTransport/RabbitMqTransport/ChannelContextFactory.cs:line 79
   at MassTransit.Agents.PipeContextSupervisor`1.Send(IPipe`1 pipe, CancellationToken cancellationToken) in /_/src/MassTransit/Agents/PipeContextSupervisor.cs:line 61
   at MassTransit.Agents.PipeContextSupervisor`1.Send(IPipe`1 pipe, CancellationToken cancellationToken) in /_/src/MassTransit/Agents/PipeContextSupervisor.cs:line 67
   at MassTransit.Transports.TransportStartExtensions.OnTransportStartup[T](ReceiveEndpointContext context, ITransportSupervisor`1 supervisor, CancellationToken cancellationToken) in /_/src/MassTransit/Transports/TransportStartExtensions.cs:line 19
   at MassTransit.Transports.ReceiveTransport`1.ReceiveTransportAgent.RunTransport() in /_/src/MassTransit/Transports/ReceiveTransport.cs:line 200
   at MassTransit.Transports.ReceiveTransport`1.ReceiveTransportAgent.RunTransport() in /_/src/MassTransit/Transports/ReceiveTransport.cs:line 208
   at MassTransit.Transports.ReceiveTransport`1.ReceiveTransportAgent.RunTransport() in /_/src/MassTransit/Transports/ReceiveTransport.cs:line 208
   at MassTransit.Transports.ReceiveTransport`1.ReceiveTransportAgent.RunTransport() in /_/src/MassTransit/Transports/ReceiveTransport.cs:line 208
   at MassTransit.Transports.ReceiveTransport`1.ReceiveTransportAgent.RunTransport() in /_/src/MassTransit/Transports/ReceiveTransport.cs:line 208
   at MassTransit.Transports.ReceiveTransport`1.ReceiveTransportAgent.Run() in /_/src/MassTransit/Transports/ReceiveTransport.cs:line 145
   at MassTransit.Transports.ReceiveTransport`1.ReceiveTransportAgent.Run() in /_/src/MassTransit/Transports/ReceiveTransport.cs:line 145
2026-08-10 23:24:50 [INF] [PaymentService] Retrying "00:00:05.9958194": Broker unreachable: guest@localhost:5672/
MassTransit.RabbitMqConnectionException: Broker unreachable: guest@localhost:5672/
 ---> RabbitMQ.Client.Exceptions.BrokerUnreachableException: None of the specified endpoints were reachable
 ---> System.AggregateException: One or more errors occurred. (Connection failed, host 127.0.0.1:5672)
 ---> RabbitMQ.Client.Exceptions.ConnectFailureException: Connection failed, host 127.0.0.1:5672
 ---> System.Net.Sockets.SocketException (10061): No connection could be made because the target machine actively refused it.
   at System.Net.Sockets.Socket.AwaitableSocketAsyncEventArgs.ThrowException(SocketError error, CancellationToken cancellationToken)
   at System.Net.Sockets.Socket.AwaitableSocketAsyncEventArgs.System.Threading.Tasks.Sources.IValueTaskSource.GetResult(Int16 token)
   at System.Threading.Tasks.ValueTask.ValueTaskSourceAsTask.<>c.<.cctor>b__4_0(Object state)
--- End of stack trace from previous location ---
   at RabbitMQ.Client.Impl.SocketFactory.ConnectUsingAddressFamilyAsync(IPEndPoint endpoint, Func`2 socketFactory, AddressFamily family, TimeSpan connectionTimeout, CancellationToken cancellationToken)
   --- End of inner exception stack trace ---
   at RabbitMQ.Client.Impl.SocketFactory.ConnectUsingAddressFamilyAsync(IPEndPoint endpoint, Func`2 socketFactory, AddressFamily family, TimeSpan connectionTimeout, CancellationToken cancellationToken)
   at RabbitMQ.Client.Impl.SocketFactory.OpenAsync(AmqpTcpEndpoint amqpTcpEndpoint, Func`2 socketFactory, TimeSpan connectionTimeout, CancellationToken cancellationToken)
   at RabbitMQ.Client.Impl.SocketFrameHandler.CreateAsync(AmqpTcpEndpoint amqpTcpEndpoint, Func`2 socketFactory, TimeSpan connectionTimeout, CancellationToken cancellationToken)
   at RabbitMQ.Client.ConnectionFactory.CreateFrameHandlerAsync(AmqpTcpEndpoint endpoint, CancellationToken cancellationToken)
   at RabbitMQ.Client.EndpointResolverExtensions.SelectOneAsync[T](IEndpointResolver resolver, Func`3 selector, CancellationToken cancellationToken)
   --- End of inner exception stack trace ---
   at RabbitMQ.Client.EndpointResolverExtensions.SelectOneAsync[T](IEndpointResolver resolver, Func`3 selector, CancellationToken cancellationToken)
   at RabbitMQ.Client.ConnectionFactory.CreateConnectionAsync(IEndpointResolver endpointResolver, String clientProvidedName, CancellationToken cancellationToken)
   --- End of inner exception stack trace ---
   at RabbitMQ.Client.ConnectionFactory.CreateConnectionAsync(IEndpointResolver endpointResolver, String clientProvidedName, CancellationToken cancellationToken)
   at MassTransit.RabbitMqTransport.ConnectionContextFactory.CreateConnection(ISupervisor supervisor) in /_/src/Transports/MassTransit.RabbitMqTransport/RabbitMqTransport/ConnectionContextFactory.cs:line 108
   --- End of inner exception stack trace ---
   at MassTransit.RabbitMqTransport.ConnectionContextFactory.CreateConnection(ISupervisor supervisor) in /_/src/Transports/MassTransit.RabbitMqTransport/RabbitMqTransport/ConnectionContextFactory.cs:line 135
   at MassTransit.Internals.TaskExtensions.<>c__DisplayClass2_0`1.<<OrCanceled>g__WaitAsync|0>d.MoveNext() in /_/src/MassTransit.Abstractions/Internals/Extensions/TaskExtensions.cs:line 72
--- End of stack trace from previous location ---
   at MassTransit.Internals.TaskExtensions.<>c__DisplayClass2_0`1.<<OrCanceled>g__WaitAsync|0>d.MoveNext() in /_/src/MassTransit.Abstractions/Internals/Extensions/TaskExtensions.cs:line 72
--- End of stack trace from previous location ---
   at MassTransit.RabbitMqTransport.ConnectionContextFactory.CreateSharedConnection(Task`1 contextTask, CancellationToken cancellationToken) in /_/src/Transports/MassTransit.RabbitMqTransport/RabbitMqTransport/ConnectionContextFactory.cs:line 74
   at MassTransit.Agents.PipeContextSupervisor`1.Send(IPipe`1 pipe, CancellationToken cancellationToken) in /_/src/MassTransit/Agents/PipeContextSupervisor.cs:line 51
   at MassTransit.Agents.PipeContextSupervisor`1.Send(IPipe`1 pipe, CancellationToken cancellationToken) in /_/src/MassTransit/Agents/PipeContextSupervisor.cs:line 61
   at MassTransit.Agents.PipeContextSupervisor`1.Send(IPipe`1 pipe, CancellationToken cancellationToken) in /_/src/MassTransit/Agents/PipeContextSupervisor.cs:line 67
   at MassTransit.SupervisorExtensions.<>c__DisplayClass5_0`2.<<CreateAgent>g__HandleSupervisorTask|0>d.MoveNext() in /_/src/MassTransit/SupervisorExtensions.cs:line 139
   at MassTransit.Internals.TaskExtensions.<>c__DisplayClass2_0`1.<<OrCanceled>g__WaitAsync|0>d.MoveNext() in /_/src/MassTransit.Abstractions/Internals/Extensions/TaskExtensions.cs:line 72
--- End of stack trace from previous location ---
   at MassTransit.Internals.TaskExtensions.<>c__DisplayClass2_0`1.<<OrCanceled>g__WaitAsync|0>d.MoveNext() in /_/src/MassTransit.Abstractions/Internals/Extensions/TaskExtensions.cs:line 72
--- End of stack trace from previous location ---
   at MassTransit.RabbitMqTransport.ChannelContextFactory.CreateSharedChannel(Task`1 contextTask, CancellationToken cancellationToken) in /_/src/Transports/MassTransit.RabbitMqTransport/RabbitMqTransport/ChannelContextFactory.cs:line 79
   at MassTransit.Agents.PipeContextSupervisor`1.Send(IPipe`1 pipe, CancellationToken cancellationToken) in /_/src/MassTransit/Agents/PipeContextSupervisor.cs:line 51
   at MassTransit.Agents.PipeContextSupervisor`1.Send(IPipe`1 pipe, CancellationToken cancellationToken) in /_/src/MassTransit/Agents/PipeContextSupervisor.cs:line 61
   at MassTransit.Internals.TaskExtensions.<>c__DisplayClass2_0`1.<<OrCanceled>g__WaitAsync|0>d.MoveNext() in /_/src/MassTransit.Abstractions/Internals/Extensions/TaskExtensions.cs:line 72
--- End of stack trace from previous location ---
   at MassTransit.Agents.PipeContextSupervisor`1.Send(IPipe`1 pipe, CancellationToken cancellationToken) in /_/src/MassTransit/Agents/PipeContextSupervisor.cs:line 67
   at MassTransit.Transports.ReceiveTransport`1.ReceiveTransportAgent.RunTransport() in /_/src/MassTransit/Transports/ReceiveTransport.cs:line 203
   at MassTransit.Agents.PipeContextSupervisor`1.Send(IPipe`1 pipe, CancellationToken cancellationToken) in /_/src/MassTransit/Agents/PipeContextSupervisor.cs:line 51
   at MassTransit.RabbitMqTransport.ChannelContextFactory.CreateSharedChannel(Task`1 contextTask, CancellationToken cancellationToken) in /_/src/Transports/MassTransit.RabbitMqTransport/RabbitMqTransport/ChannelContextFactory.cs:line 79
   at MassTransit.Agents.PipeContextSupervisor`1.Send(IPipe`1 pipe, CancellationToken cancellationToken) in /_/src/MassTransit/Agents/PipeContextSupervisor.cs:line 61
   at MassTransit.Agents.PipeContextSupervisor`1.Send(IPipe`1 pipe, CancellationToken cancellationToken) in /_/src/MassTransit/Agents/PipeContextSupervisor.cs:line 67
   at MassTransit.Transports.TransportStartExtensions.OnTransportStartup[T](ReceiveEndpointContext context, ITransportSupervisor`1 supervisor, CancellationToken cancellationToken) in /_/src/MassTransit/Transports/TransportStartExtensions.cs:line 19
   at MassTransit.Transports.ReceiveTransport`1.ReceiveTransportAgent.RunTransport() in /_/src/MassTransit/Transports/ReceiveTransport.cs:line 200
   at MassTransit.Transports.ReceiveTransport`1.ReceiveTransportAgent.RunTransport() in /_/src/MassTransit/Transports/ReceiveTransport.cs:line 208
   at MassTransit.Transports.ReceiveTransport`1.ReceiveTransportAgent.RunTransport() in /_/src/MassTransit/Transports/ReceiveTransport.cs:line 208
   at MassTransit.Transports.ReceiveTransport`1.ReceiveTransportAgent.RunTransport() in /_/src/MassTransit/Transports/ReceiveTransport.cs:line 208
   at MassTransit.Transports.ReceiveTransport`1.ReceiveTransportAgent.RunTransport() in /_/src/MassTransit/Transports/ReceiveTransport.cs:line 208
   at MassTransit.Transports.ReceiveTransport`1.ReceiveTransportAgent.Run() in /_/src/MassTransit/Transports/ReceiveTransport.cs:line 145
   at MassTransit.Transports.ReceiveTransport`1.ReceiveTransportAgent.Run() in /_/src/MassTransit/Transports/ReceiveTransport.cs:line 145
2026-08-10 23:24:50 [INF] [PaymentService] Retrying "00:00:05.1228042": Broker unreachable: guest@localhost:5672/
MassTransit.RabbitMqConnectionException: Broker unreachable: guest@localhost:5672/
 ---> RabbitMQ.Client.Exceptions.BrokerUnreachableException: None of the specified endpoints were reachable
 ---> System.AggregateException: One or more errors occurred. (Connection failed, host 127.0.0.1:5672)
 ---> RabbitMQ.Client.Exceptions.ConnectFailureException: Connection failed, host 127.0.0.1:5672
 ---> System.Net.Sockets.SocketException (10061): No connection could be made because the target machine actively refused it.
   at System.Net.Sockets.Socket.AwaitableSocketAsyncEventArgs.ThrowException(SocketError error, CancellationToken cancellationToken)
   at System.Net.Sockets.Socket.AwaitableSocketAsyncEventArgs.System.Threading.Tasks.Sources.IValueTaskSource.GetResult(Int16 token)
   at System.Threading.Tasks.ValueTask.ValueTaskSourceAsTask.<>c.<.cctor>b__4_0(Object state)
--- End of stack trace from previous location ---
   at RabbitMQ.Client.Impl.SocketFactory.ConnectUsingAddressFamilyAsync(IPEndPoint endpoint, Func`2 socketFactory, AddressFamily family, TimeSpan connectionTimeout, CancellationToken cancellationToken)
   --- End of inner exception stack trace ---
   at RabbitMQ.Client.Impl.SocketFactory.ConnectUsingAddressFamilyAsync(IPEndPoint endpoint, Func`2 socketFactory, AddressFamily family, TimeSpan connectionTimeout, CancellationToken cancellationToken)
   at RabbitMQ.Client.Impl.SocketFactory.OpenAsync(AmqpTcpEndpoint amqpTcpEndpoint, Func`2 socketFactory, TimeSpan connectionTimeout, CancellationToken cancellationToken)
   at RabbitMQ.Client.Impl.SocketFrameHandler.CreateAsync(AmqpTcpEndpoint amqpTcpEndpoint, Func`2 socketFactory, TimeSpan connectionTimeout, CancellationToken cancellationToken)
   at RabbitMQ.Client.ConnectionFactory.CreateFrameHandlerAsync(AmqpTcpEndpoint endpoint, CancellationToken cancellationToken)
   at RabbitMQ.Client.EndpointResolverExtensions.SelectOneAsync[T](IEndpointResolver resolver, Func`3 selector, CancellationToken cancellationToken)
   --- End of inner exception stack trace ---
   at RabbitMQ.Client.EndpointResolverExtensions.SelectOneAsync[T](IEndpointResolver resolver, Func`3 selector, CancellationToken cancellationToken)
   at RabbitMQ.Client.ConnectionFactory.CreateConnectionAsync(IEndpointResolver endpointResolver, String clientProvidedName, CancellationToken cancellationToken)
   --- End of inner exception stack trace ---
   at RabbitMQ.Client.ConnectionFactory.CreateConnectionAsync(IEndpointResolver endpointResolver, String clientProvidedName, CancellationToken cancellationToken)
   at MassTransit.RabbitMqTransport.ConnectionContextFactory.CreateConnection(ISupervisor supervisor) in /_/src/Transports/MassTransit.RabbitMqTransport/RabbitMqTransport/ConnectionContextFactory.cs:line 108
   --- End of inner exception stack trace ---
   at MassTransit.RabbitMqTransport.ConnectionContextFactory.CreateConnection(ISupervisor supervisor) in /_/src/Transports/MassTransit.RabbitMqTransport/RabbitMqTransport/ConnectionContextFactory.cs:line 135
   at MassTransit.Internals.TaskExtensions.<>c__DisplayClass2_0`1.<<OrCanceled>g__WaitAsync|0>d.MoveNext() in /_/src/MassTransit.Abstractions/Internals/Extensions/TaskExtensions.cs:line 72
--- End of stack trace from previous location ---
   at MassTransit.Internals.TaskExtensions.<>c__DisplayClass2_0`1.<<OrCanceled>g__WaitAsync|0>d.MoveNext() in /_/src/MassTransit.Abstractions/Internals/Extensions/TaskExtensions.cs:line 72
--- End of stack trace from previous location ---
   at MassTransit.RabbitMqTransport.ConnectionContextFactory.CreateSharedConnection(Task`1 contextTask, CancellationToken cancellationToken) in /_/src/Transports/MassTransit.RabbitMqTransport/RabbitMqTransport/ConnectionContextFactory.cs:line 74
   at MassTransit.Agents.PipeContextSupervisor`1.Send(IPipe`1 pipe, CancellationToken cancellationToken) in /_/src/MassTransit/Agents/PipeContextSupervisor.cs:line 51
   at MassTransit.Agents.PipeContextSupervisor`1.Send(IPipe`1 pipe, CancellationToken cancellationToken) in /_/src/MassTransit/Agents/PipeContextSupervisor.cs:line 61
   at MassTransit.Agents.PipeContextSupervisor`1.Send(IPipe`1 pipe, CancellationToken cancellationToken) in /_/src/MassTransit/Agents/PipeContextSupervisor.cs:line 67
   at MassTransit.SupervisorExtensions.<>c__DisplayClass5_0`2.<<CreateAgent>g__HandleSupervisorTask|0>d.MoveNext() in /_/src/MassTransit/SupervisorExtensions.cs:line 139
   at MassTransit.Internals.TaskExtensions.<>c__DisplayClass2_0`1.<<OrCanceled>g__WaitAsync|0>d.MoveNext() in /_/src/MassTransit.Abstractions/Internals/Extensions/TaskExtensions.cs:line 72
--- End of stack trace from previous location ---
   at MassTransit.Internals.TaskExtensions.<>c__DisplayClass2_0`1.<<OrCanceled>g__WaitAsync|0>d.MoveNext() in /_/src/MassTransit.Abstractions/Internals/Extensions/TaskExtensions.cs:line 72
--- End of stack trace from previous location ---
   at MassTransit.RabbitMqTransport.ChannelContextFactory.CreateSharedChannel(Task`1 contextTask, CancellationToken cancellationToken) in /_/src/Transports/MassTransit.RabbitMqTransport/RabbitMqTransport/ChannelContextFactory.cs:line 79
   at MassTransit.Agents.PipeContextSupervisor`1.Send(IPipe`1 pipe, CancellationToken cancellationToken) in /_/src/MassTransit/Agents/PipeContextSupervisor.cs:line 51
   at MassTransit.Agents.PipeContextSupervisor`1.Send(IPipe`1 pipe, CancellationToken cancellationToken) in /_/src/MassTransit/Agents/PipeContextSupervisor.cs:line 61
   at MassTransit.Internals.TaskExtensions.<>c__DisplayClass2_0`1.<<OrCanceled>g__WaitAsync|0>d.MoveNext() in /_/src/MassTransit.Abstractions/Internals/Extensions/TaskExtensions.cs:line 72
--- End of stack trace from previous location ---
   at MassTransit.Agents.PipeContextSupervisor`1.Send(IPipe`1 pipe, CancellationToken cancellationToken) in /_/src/MassTransit/Agents/PipeContextSupervisor.cs:line 67
   at MassTransit.Transports.ReceiveTransport`1.ReceiveTransportAgent.RunTransport() in /_/src/MassTransit/Transports/ReceiveTransport.cs:line 203
   at MassTransit.Agents.PipeContextSupervisor`1.Send(IPipe`1 pipe, CancellationToken cancellationToken) in /_/src/MassTransit/Agents/PipeContextSupervisor.cs:line 51
   at MassTransit.RabbitMqTransport.ChannelContextFactory.CreateSharedChannel(Task`1 contextTask, CancellationToken cancellationToken) in /_/src/Transports/MassTransit.RabbitMqTransport/RabbitMqTransport/ChannelContextFactory.cs:line 79
   at MassTransit.Agents.PipeContextSupervisor`1.Send(IPipe`1 pipe, CancellationToken cancellationToken) in /_/src/MassTransit/Agents/PipeContextSupervisor.cs:line 61
   at MassTransit.Agents.PipeContextSupervisor`1.Send(IPipe`1 pipe, CancellationToken cancellationToken) in /_/src/MassTransit/Agents/PipeContextSupervisor.cs:line 67
   at MassTransit.Transports.TransportStartExtensions.OnTransportStartup[T](ReceiveEndpointContext context, ITransportSupervisor`1 supervisor, CancellationToken cancellationToken) in /_/src/MassTransit/Transports/TransportStartExtensions.cs:line 19
   at MassTransit.Transports.ReceiveTransport`1.ReceiveTransportAgent.RunTransport() in /_/src/MassTransit/Transports/ReceiveTransport.cs:line 200
   at MassTransit.Transports.ReceiveTransport`1.ReceiveTransportAgent.RunTransport() in /_/src/MassTransit/Transports/ReceiveTransport.cs:line 208
   at MassTransit.Transports.ReceiveTransport`1.ReceiveTransportAgent.RunTransport() in /_/src/MassTransit/Transports/ReceiveTransport.cs:line 208
   at MassTransit.Transports.ReceiveTransport`1.ReceiveTransportAgent.RunTransport() in /_/src/MassTransit/Transports/ReceiveTransport.cs:line 208
   at MassTransit.Transports.ReceiveTransport`1.ReceiveTransportAgent.RunTransport() in /_/src/MassTransit/Transports/ReceiveTransport.cs:line 208
   at MassTransit.Transports.ReceiveTransport`1.ReceiveTransportAgent.Run() in /_/src/MassTransit/Transports/ReceiveTransport.cs:line 145
   at MassTransit.Transports.ReceiveTransport`1.ReceiveTransportAgent.Run() in /_/src/MassTransit/Transports/ReceiveTransport.cs:line 145
2026-08-10 23:24:59 [WRN] [PaymentService] Connection Failed: "rabbitmq://localhost/"
RabbitMQ.Client.Exceptions.BrokerUnreachableException: None of the specified endpoints were reachable
 ---> System.AggregateException: One or more errors occurred. (Connection failed, host 127.0.0.1:5672)
 ---> RabbitMQ.Client.Exceptions.ConnectFailureException: Connection failed, host 127.0.0.1:5672
 ---> System.Net.Sockets.SocketException (10061): No connection could be made because the target machine actively refused it.
   at System.Net.Sockets.Socket.AwaitableSocketAsyncEventArgs.ThrowException(SocketError error, CancellationToken cancellationToken)
   at System.Net.Sockets.Socket.AwaitableSocketAsyncEventArgs.System.Threading.Tasks.Sources.IValueTaskSource.GetResult(Int16 token)
   at System.Threading.Tasks.ValueTask.ValueTaskSourceAsTask.<>c.<.cctor>b__4_0(Object state)
--- End of stack trace from previous location ---
   at RabbitMQ.Client.Impl.SocketFactory.ConnectUsingAddressFamilyAsync(IPEndPoint endpoint, Func`2 socketFactory, AddressFamily family, TimeSpan connectionTimeout, CancellationToken cancellationToken)
   --- End of inner exception stack trace ---
   at RabbitMQ.Client.Impl.SocketFactory.ConnectUsingAddressFamilyAsync(IPEndPoint endpoint, Func`2 socketFactory, AddressFamily family, TimeSpan connectionTimeout, CancellationToken cancellationToken)
   at RabbitMQ.Client.Impl.SocketFactory.OpenAsync(AmqpTcpEndpoint amqpTcpEndpoint, Func`2 socketFactory, TimeSpan connectionTimeout, CancellationToken cancellationToken)
   at RabbitMQ.Client.Impl.SocketFrameHandler.CreateAsync(AmqpTcpEndpoint amqpTcpEndpoint, Func`2 socketFactory, TimeSpan connectionTimeout, CancellationToken cancellationToken)
   at RabbitMQ.Client.ConnectionFactory.CreateFrameHandlerAsync(AmqpTcpEndpoint endpoint, CancellationToken cancellationToken)
   at RabbitMQ.Client.EndpointResolverExtensions.SelectOneAsync[T](IEndpointResolver resolver, Func`3 selector, CancellationToken cancellationToken)
   --- End of inner exception stack trace ---
   at RabbitMQ.Client.EndpointResolverExtensions.SelectOneAsync[T](IEndpointResolver resolver, Func`3 selector, CancellationToken cancellationToken)
   at RabbitMQ.Client.ConnectionFactory.CreateConnectionAsync(IEndpointResolver endpointResolver, String clientProvidedName, CancellationToken cancellationToken)
   --- End of inner exception stack trace ---
   at RabbitMQ.Client.ConnectionFactory.CreateConnectionAsync(IEndpointResolver endpointResolver, String clientProvidedName, CancellationToken cancellationToken)
   at MassTransit.RabbitMqTransport.ConnectionContextFactory.CreateConnection(ISupervisor supervisor) in /_/src/Transports/MassTransit.RabbitMqTransport/RabbitMqTransport/ConnectionContextFactory.cs:line 108
2026-08-10 23:25:00 [INF] [PaymentService] Retrying "00:00:07.8479832": Broker unreachable: guest@localhost:5672/
MassTransit.RabbitMqConnectionException: Broker unreachable: guest@localhost:5672/
 ---> RabbitMQ.Client.Exceptions.BrokerUnreachableException: None of the specified endpoints were reachable
 ---> System.AggregateException: One or more errors occurred. (Connection failed, host 127.0.0.1:5672)
 ---> RabbitMQ.Client.Exceptions.ConnectFailureException: Connection failed, host 127.0.0.1:5672
 ---> System.Net.Sockets.SocketException (10061): No connection could be made because the target machine actively refused it.
   at System.Net.Sockets.Socket.AwaitableSocketAsyncEventArgs.ThrowException(SocketError error, CancellationToken cancellationToken)
   at System.Net.Sockets.Socket.AwaitableSocketAsyncEventArgs.System.Threading.Tasks.Sources.IValueTaskSource.GetResult(Int16 token)
   at System.Threading.Tasks.ValueTask.ValueTaskSourceAsTask.<>c.<.cctor>b__4_0(Object state)
--- End of stack trace from previous location ---
   at RabbitMQ.Client.Impl.SocketFactory.ConnectUsingAddressFamilyAsync(IPEndPoint endpoint, Func`2 socketFactory, AddressFamily family, TimeSpan connectionTimeout, CancellationToken cancellationToken)
   --- End of inner exception stack trace ---
   at RabbitMQ.Client.Impl.SocketFactory.ConnectUsingAddressFamilyAsync(IPEndPoint endpoint, Func`2 socketFactory, AddressFamily family, TimeSpan connectionTimeout, CancellationToken cancellationToken)
   at RabbitMQ.Client.Impl.SocketFactory.OpenAsync(AmqpTcpEndpoint amqpTcpEndpoint, Func`2 socketFactory, TimeSpan connectionTimeout, CancellationToken cancellationToken)
   at RabbitMQ.Client.Impl.SocketFrameHandler.CreateAsync(AmqpTcpEndpoint amqpTcpEndpoint, Func`2 socketFactory, TimeSpan connectionTimeout, CancellationToken cancellationToken)
   at RabbitMQ.Client.ConnectionFactory.CreateFrameHandlerAsync(AmqpTcpEndpoint endpoint, CancellationToken cancellationToken)
   at RabbitMQ.Client.EndpointResolverExtensions.SelectOneAsync[T](IEndpointResolver resolver, Func`3 selector, CancellationToken cancellationToken)
   --- End of inner exception stack trace ---
   at RabbitMQ.Client.EndpointResolverExtensions.SelectOneAsync[T](IEndpointResolver resolver, Func`3 selector, CancellationToken cancellationToken)
   at RabbitMQ.Client.ConnectionFactory.CreateConnectionAsync(IEndpointResolver endpointResolver, String clientProvidedName, CancellationToken cancellationToken)
   --- End of inner exception stack trace ---
   at RabbitMQ.Client.ConnectionFactory.CreateConnectionAsync(IEndpointResolver endpointResolver, String clientProvidedName, CancellationToken cancellationToken)
   at MassTransit.RabbitMqTransport.ConnectionContextFactory.CreateConnection(ISupervisor supervisor) in /_/src/Transports/MassTransit.RabbitMqTransport/RabbitMqTransport/ConnectionContextFactory.cs:line 108
   --- End of inner exception stack trace ---
   at MassTransit.RabbitMqTransport.ConnectionContextFactory.CreateConnection(ISupervisor supervisor) in /_/src/Transports/MassTransit.RabbitMqTransport/RabbitMqTransport/ConnectionContextFactory.cs:line 135
   at MassTransit.Internals.TaskExtensions.<>c__DisplayClass2_0`1.<<OrCanceled>g__WaitAsync|0>d.MoveNext() in /_/src/MassTransit.Abstractions/Internals/Extensions/TaskExtensions.cs:line 72
--- End of stack trace from previous location ---
   at MassTransit.Internals.TaskExtensions.<>c__DisplayClass2_0`1.<<OrCanceled>g__WaitAsync|0>d.MoveNext() in /_/src/MassTransit.Abstractions/Internals/Extensions/TaskExtensions.cs:line 72
--- End of stack trace from previous location ---
   at MassTransit.RabbitMqTransport.ConnectionContextFactory.CreateSharedConnection(Task`1 contextTask, CancellationToken cancellationToken) in /_/src/Transports/MassTransit.RabbitMqTransport/RabbitMqTransport/ConnectionContextFactory.cs:line 74
   at MassTransit.Agents.PipeContextSupervisor`1.Send(IPipe`1 pipe, CancellationToken cancellationToken) in /_/src/MassTransit/Agents/PipeContextSupervisor.cs:line 51
   at MassTransit.Agents.PipeContextSupervisor`1.Send(IPipe`1 pipe, CancellationToken cancellationToken) in /_/src/MassTransit/Agents/PipeContextSupervisor.cs:line 61
   at MassTransit.Agents.PipeContextSupervisor`1.Send(IPipe`1 pipe, CancellationToken cancellationToken) in /_/src/MassTransit/Agents/PipeContextSupervisor.cs:line 67
   at MassTransit.SupervisorExtensions.<>c__DisplayClass5_0`2.<<CreateAgent>g__HandleSupervisorTask|0>d.MoveNext() in /_/src/MassTransit/SupervisorExtensions.cs:line 139
   at MassTransit.Internals.TaskExtensions.<>c__DisplayClass2_0`1.<<OrCanceled>g__WaitAsync|0>d.MoveNext() in /_/src/MassTransit.Abstractions/Internals/Extensions/TaskExtensions.cs:line 72
--- End of stack trace from previous location ---
   at MassTransit.Internals.TaskExtensions.<>c__DisplayClass2_0`1.<<OrCanceled>g__WaitAsync|0>d.MoveNext() in /_/src/MassTransit.Abstractions/Internals/Extensions/TaskExtensions.cs:line 72
--- End of stack trace from previous location ---
   at MassTransit.RabbitMqTransport.ChannelContextFactory.CreateSharedChannel(Task`1 contextTask, CancellationToken cancellationToken) in /_/src/Transports/MassTransit.RabbitMqTransport/RabbitMqTransport/ChannelContextFactory.cs:line 79
   at MassTransit.Agents.PipeContextSupervisor`1.Send(IPipe`1 pipe, CancellationToken cancellationToken) in /_/src/MassTransit/Agents/PipeContextSupervisor.cs:line 51
   at MassTransit.Agents.PipeContextSupervisor`1.Send(IPipe`1 pipe, CancellationToken cancellationToken) in /_/src/MassTransit/Agents/PipeContextSupervisor.cs:line 61
   at MassTransit.Internals.TaskExtensions.<>c__DisplayClass2_0`1.<<OrCanceled>g__WaitAsync|0>d.MoveNext() in /_/src/MassTransit.Abstractions/Internals/Extensions/TaskExtensions.cs:line 72
--- End of stack trace from previous location ---
   at MassTransit.Agents.PipeContextSupervisor`1.Send(IPipe`1 pipe, CancellationToken cancellationToken) in /_/src/MassTransit/Agents/PipeContextSupervisor.cs:line 67
   at MassTransit.Transports.ReceiveTransport`1.ReceiveTransportAgent.RunTransport() in /_/src/MassTransit/Transports/ReceiveTransport.cs:line 203
   at MassTransit.Agents.PipeContextSupervisor`1.Send(IPipe`1 pipe, CancellationToken cancellationToken) in /_/src/MassTransit/Agents/PipeContextSupervisor.cs:line 51
   at MassTransit.RabbitMqTransport.ChannelContextFactory.CreateSharedChannel(Task`1 contextTask, CancellationToken cancellationToken) in /_/src/Transports/MassTransit.RabbitMqTransport/RabbitMqTransport/ChannelContextFactory.cs:line 79
   at MassTransit.Agents.PipeContextSupervisor`1.Send(IPipe`1 pipe, CancellationToken cancellationToken) in /_/src/MassTransit/Agents/PipeContextSupervisor.cs:line 61
   at MassTransit.Agents.PipeContextSupervisor`1.Send(IPipe`1 pipe, CancellationToken cancellationToken) in /_/src/MassTransit/Agents/PipeContextSupervisor.cs:line 67
   at MassTransit.Transports.TransportStartExtensions.OnTransportStartup[T](ReceiveEndpointContext context, ITransportSupervisor`1 supervisor, CancellationToken cancellationToken) in /_/src/MassTransit/Transports/TransportStartExtensions.cs:line 19
   at MassTransit.Transports.ReceiveTransport`1.ReceiveTransportAgent.RunTransport() in /_/src/MassTransit/Transports/ReceiveTransport.cs:line 200
   at MassTransit.Transports.ReceiveTransport`1.ReceiveTransportAgent.RunTransport() in /_/src/MassTransit/Transports/ReceiveTransport.cs:line 208
   at MassTransit.Transports.ReceiveTransport`1.ReceiveTransportAgent.RunTransport() in /_/src/MassTransit/Transports/ReceiveTransport.cs:line 208
   at MassTransit.Transports.ReceiveTransport`1.ReceiveTransportAgent.RunTransport() in /_/src/MassTransit/Transports/ReceiveTransport.cs:line 208
   at MassTransit.Transports.ReceiveTransport`1.ReceiveTransportAgent.RunTransport() in /_/src/MassTransit/Transports/ReceiveTransport.cs:line 208
   at MassTransit.Transports.ReceiveTransport`1.ReceiveTransportAgent.Run() in /_/src/MassTransit/Transports/ReceiveTransport.cs:line 145
   at MassTransit.Transports.ReceiveTransport`1.ReceiveTransportAgent.Run() in /_/src/MassTransit/Transports/ReceiveTransport.cs:line 145
2026-08-10 23:25:00 [INF] [PaymentService] Retrying "00:00:07.0954029": Broker unreachable: guest@localhost:5672/
MassTransit.RabbitMqConnectionException: Broker unreachable: guest@localhost:5672/
 ---> RabbitMQ.Client.Exceptions.BrokerUnreachableException: None of the specified endpoints were reachable
 ---> System.AggregateException: One or more errors occurred. (Connection failed, host 127.0.0.1:5672)
 ---> RabbitMQ.Client.Exceptions.ConnectFailureException: Connection failed, host 127.0.0.1:5672
 ---> System.Net.Sockets.SocketException (10061): No connection could be made because the target machine actively refused it.
   at System.Net.Sockets.Socket.AwaitableSocketAsyncEventArgs.ThrowException(SocketError error, CancellationToken cancellationToken)
   at System.Net.Sockets.Socket.AwaitableSocketAsyncEventArgs.System.Threading.Tasks.Sources.IValueTaskSource.GetResult(Int16 token)
   at System.Threading.Tasks.ValueTask.ValueTaskSourceAsTask.<>c.<.cctor>b__4_0(Object state)
--- End of stack trace from previous location ---
   at RabbitMQ.Client.Impl.SocketFactory.ConnectUsingAddressFamilyAsync(IPEndPoint endpoint, Func`2 socketFactory, AddressFamily family, TimeSpan connectionTimeout, CancellationToken cancellationToken)
   --- End of inner exception stack trace ---
   at RabbitMQ.Client.Impl.SocketFactory.ConnectUsingAddressFamilyAsync(IPEndPoint endpoint, Func`2 socketFactory, AddressFamily family, TimeSpan connectionTimeout, CancellationToken cancellationToken)
   at RabbitMQ.Client.Impl.SocketFactory.OpenAsync(AmqpTcpEndpoint amqpTcpEndpoint, Func`2 socketFactory, TimeSpan connectionTimeout, CancellationToken cancellationToken)
   at RabbitMQ.Client.Impl.SocketFrameHandler.CreateAsync(AmqpTcpEndpoint amqpTcpEndpoint, Func`2 socketFactory, TimeSpan connectionTimeout, CancellationToken cancellationToken)
   at RabbitMQ.Client.ConnectionFactory.CreateFrameHandlerAsync(AmqpTcpEndpoint endpoint, CancellationToken cancellationToken)
   at RabbitMQ.Client.EndpointResolverExtensions.SelectOneAsync[T](IEndpointResolver resolver, Func`3 selector, CancellationToken cancellationToken)
   --- End of inner exception stack trace ---
   at RabbitMQ.Client.EndpointResolverExtensions.SelectOneAsync[T](IEndpointResolver resolver, Func`3 selector, CancellationToken cancellationToken)
   at RabbitMQ.Client.ConnectionFactory.CreateConnectionAsync(IEndpointResolver endpointResolver, String clientProvidedName, CancellationToken cancellationToken)
   --- End of inner exception stack trace ---
   at RabbitMQ.Client.ConnectionFactory.CreateConnectionAsync(IEndpointResolver endpointResolver, String clientProvidedName, CancellationToken cancellationToken)
   at MassTransit.RabbitMqTransport.ConnectionContextFactory.CreateConnection(ISupervisor supervisor) in /_/src/Transports/MassTransit.RabbitMqTransport/RabbitMqTransport/ConnectionContextFactory.cs:line 108
   --- End of inner exception stack trace ---
   at MassTransit.RabbitMqTransport.ConnectionContextFactory.CreateConnection(ISupervisor supervisor) in /_/src/Transports/MassTransit.RabbitMqTransport/RabbitMqTransport/ConnectionContextFactory.cs:line 135
   at MassTransit.Internals.TaskExtensions.<>c__DisplayClass2_0`1.<<OrCanceled>g__WaitAsync|0>d.MoveNext() in /_/src/MassTransit.Abstractions/Internals/Extensions/TaskExtensions.cs:line 72
--- End of stack trace from previous location ---
   at MassTransit.Internals.TaskExtensions.<>c__DisplayClass2_0`1.<<OrCanceled>g__WaitAsync|0>d.MoveNext() in /_/src/MassTransit.Abstractions/Internals/Extensions/TaskExtensions.cs:line 72
--- End of stack trace from previous location ---
   at MassTransit.RabbitMqTransport.ConnectionContextFactory.CreateSharedConnection(Task`1 contextTask, CancellationToken cancellationToken) in /_/src/Transports/MassTransit.RabbitMqTransport/RabbitMqTransport/ConnectionContextFactory.cs:line 74
   at MassTransit.Agents.PipeContextSupervisor`1.Send(IPipe`1 pipe, CancellationToken cancellationToken) in /_/src/MassTransit/Agents/PipeContextSupervisor.cs:line 51
   at MassTransit.Agents.PipeContextSupervisor`1.Send(IPipe`1 pipe, CancellationToken cancellationToken) in /_/src/MassTransit/Agents/PipeContextSupervisor.cs:line 61
   at MassTransit.Agents.PipeContextSupervisor`1.Send(IPipe`1 pipe, CancellationToken cancellationToken) in /_/src/MassTransit/Agents/PipeContextSupervisor.cs:line 67
   at MassTransit.SupervisorExtensions.<>c__DisplayClass5_0`2.<<CreateAgent>g__HandleSupervisorTask|0>d.MoveNext() in /_/src/MassTransit/SupervisorExtensions.cs:line 139
   at MassTransit.Internals.TaskExtensions.<>c__DisplayClass2_0`1.<<OrCanceled>g__WaitAsync|0>d.MoveNext() in /_/src/MassTransit.Abstractions/Internals/Extensions/TaskExtensions.cs:line 72
--- End of stack trace from previous location ---
   at MassTransit.Internals.TaskExtensions.<>c__DisplayClass2_0`1.<<OrCanceled>g__WaitAsync|0>d.MoveNext() in /_/src/MassTransit.Abstractions/Internals/Extensions/TaskExtensions.cs:line 72
--- End of stack trace from previous location ---
   at MassTransit.RabbitMqTransport.ChannelContextFactory.CreateSharedChannel(Task`1 contextTask, CancellationToken cancellationToken) in /_/src/Transports/MassTransit.RabbitMqTransport/RabbitMqTransport/ChannelContextFactory.cs:line 79
   at MassTransit.Agents.PipeContextSupervisor`1.Send(IPipe`1 pipe, CancellationToken cancellationToken) in /_/src/MassTransit/Agents/PipeContextSupervisor.cs:line 51
   at MassTransit.Agents.PipeContextSupervisor`1.Send(IPipe`1 pipe, CancellationToken cancellationToken) in /_/src/MassTransit/Agents/PipeContextSupervisor.cs:line 61
   at MassTransit.Internals.TaskExtensions.<>c__DisplayClass2_0`1.<<OrCanceled>g__WaitAsync|0>d.MoveNext() in /_/src/MassTransit.Abstractions/Internals/Extensions/TaskExtensions.cs:line 72
--- End of stack trace from previous location ---
   at MassTransit.Agents.PipeContextSupervisor`1.Send(IPipe`1 pipe, CancellationToken cancellationToken) in /_/src/MassTransit/Agents/PipeContextSupervisor.cs:line 67
   at MassTransit.Transports.ReceiveTransport`1.ReceiveTransportAgent.RunTransport() in /_/src/MassTransit/Transports/ReceiveTransport.cs:line 203
   at MassTransit.Agents.PipeContextSupervisor`1.Send(IPipe`1 pipe, CancellationToken cancellationToken) in /_/src/MassTransit/Agents/PipeContextSupervisor.cs:line 51
   at MassTransit.RabbitMqTransport.ChannelContextFactory.CreateSharedChannel(Task`1 contextTask, CancellationToken cancellationToken) in /_/src/Transports/MassTransit.RabbitMqTransport/RabbitMqTransport/ChannelContextFactory.cs:line 79
   at MassTransit.Agents.PipeContextSupervisor`1.Send(IPipe`1 pipe, CancellationToken cancellationToken) in /_/src/MassTransit/Agents/PipeContextSupervisor.cs:line 61
   at MassTransit.Agents.PipeContextSupervisor`1.Send(IPipe`1 pipe, CancellationToken cancellationToken) in /_/src/MassTransit/Agents/PipeContextSupervisor.cs:line 67
   at MassTransit.Transports.TransportStartExtensions.OnTransportStartup[T](ReceiveEndpointContext context, ITransportSupervisor`1 supervisor, CancellationToken cancellationToken) in /_/src/MassTransit/Transports/TransportStartExtensions.cs:line 19
   at MassTransit.Transports.ReceiveTransport`1.ReceiveTransportAgent.RunTransport() in /_/src/MassTransit/Transports/ReceiveTransport.cs:line 200
   at MassTransit.Transports.ReceiveTransport`1.ReceiveTransportAgent.RunTransport() in /_/src/MassTransit/Transports/ReceiveTransport.cs:line 208
   at MassTransit.Transports.ReceiveTransport`1.ReceiveTransportAgent.RunTransport() in /_/src/MassTransit/Transports/ReceiveTransport.cs:line 208
   at MassTransit.Transports.ReceiveTransport`1.ReceiveTransportAgent.RunTransport() in /_/src/MassTransit/Transports/ReceiveTransport.cs:line 208
   at MassTransit.Transports.ReceiveTransport`1.ReceiveTransportAgent.RunTransport() in /_/src/MassTransit/Transports/ReceiveTransport.cs:line 208
   at MassTransit.Transports.ReceiveTransport`1.ReceiveTransportAgent.Run() in /_/src/MassTransit/Transports/ReceiveTransport.cs:line 145
   at MassTransit.Transports.ReceiveTransport`1.ReceiveTransportAgent.Run() in /_/src/MassTransit/Transports/ReceiveTransport.cs:line 145
2026-08-10 23:25:00 [INF] [PaymentService] Retrying "00:00:07.5173474": Broker unreachable: guest@localhost:5672/
MassTransit.RabbitMqConnectionException: Broker unreachable: guest@localhost:5672/
 ---> RabbitMQ.Client.Exceptions.BrokerUnreachableException: None of the specified endpoints were reachable
 ---> System.AggregateException: One or more errors occurred. (Connection failed, host 127.0.0.1:5672)
 ---> RabbitMQ.Client.Exceptions.ConnectFailureException: Connection failed, host 127.0.0.1:5672
 ---> System.Net.Sockets.SocketException (10061): No connection could be made because the target machine actively refused it.
   at System.Net.Sockets.Socket.AwaitableSocketAsyncEventArgs.ThrowException(SocketError error, CancellationToken cancellationToken)
   at System.Net.Sockets.Socket.AwaitableSocketAsyncEventArgs.System.Threading.Tasks.Sources.IValueTaskSource.GetResult(Int16 token)
   at System.Threading.Tasks.ValueTask.ValueTaskSourceAsTask.<>c.<.cctor>b__4_0(Object state)
--- End of stack trace from previous location ---
   at RabbitMQ.Client.Impl.SocketFactory.ConnectUsingAddressFamilyAsync(IPEndPoint endpoint, Func`2 socketFactory, AddressFamily family, TimeSpan connectionTimeout, CancellationToken cancellationToken)
   --- End of inner exception stack trace ---
   at RabbitMQ.Client.Impl.SocketFactory.ConnectUsingAddressFamilyAsync(IPEndPoint endpoint, Func`2 socketFactory, AddressFamily family, TimeSpan connectionTimeout, CancellationToken cancellationToken)
   at RabbitMQ.Client.Impl.SocketFactory.OpenAsync(AmqpTcpEndpoint amqpTcpEndpoint, Func`2 socketFactory, TimeSpan connectionTimeout, CancellationToken cancellationToken)
   at RabbitMQ.Client.Impl.SocketFrameHandler.CreateAsync(AmqpTcpEndpoint amqpTcpEndpoint, Func`2 socketFactory, TimeSpan connectionTimeout, CancellationToken cancellationToken)
   at RabbitMQ.Client.ConnectionFactory.CreateFrameHandlerAsync(AmqpTcpEndpoint endpoint, CancellationToken cancellationToken)
   at RabbitMQ.Client.EndpointResolverExtensions.SelectOneAsync[T](IEndpointResolver resolver, Func`3 selector, CancellationToken cancellationToken)
   --- End of inner exception stack trace ---
   at RabbitMQ.Client.EndpointResolverExtensions.SelectOneAsync[T](IEndpointResolver resolver, Func`3 selector, CancellationToken cancellationToken)
   at RabbitMQ.Client.ConnectionFactory.CreateConnectionAsync(IEndpointResolver endpointResolver, String clientProvidedName, CancellationToken cancellationToken)
   --- End of inner exception stack trace ---
   at RabbitMQ.Client.ConnectionFactory.CreateConnectionAsync(IEndpointResolver endpointResolver, String clientProvidedName, CancellationToken cancellationToken)
   at MassTransit.RabbitMqTransport.ConnectionContextFactory.CreateConnection(ISupervisor supervisor) in /_/src/Transports/MassTransit.RabbitMqTransport/RabbitMqTransport/ConnectionContextFactory.cs:line 108
   --- End of inner exception stack trace ---
   at MassTransit.RabbitMqTransport.ConnectionContextFactory.CreateConnection(ISupervisor supervisor) in /_/src/Transports/MassTransit.RabbitMqTransport/RabbitMqTransport/ConnectionContextFactory.cs:line 135
   at MassTransit.Internals.TaskExtensions.<>c__DisplayClass2_0`1.<<OrCanceled>g__WaitAsync|0>d.MoveNext() in /_/src/MassTransit.Abstractions/Internals/Extensions/TaskExtensions.cs:line 72
--- End of stack trace from previous location ---
   at MassTransit.Internals.TaskExtensions.<>c__DisplayClass2_0`1.<<OrCanceled>g__WaitAsync|0>d.MoveNext() in /_/src/MassTransit.Abstractions/Internals/Extensions/TaskExtensions.cs:line 72
--- End of stack trace from previous location ---
   at MassTransit.RabbitMqTransport.ConnectionContextFactory.CreateSharedConnection(Task`1 contextTask, CancellationToken cancellationToken) in /_/src/Transports/MassTransit.RabbitMqTransport/RabbitMqTransport/ConnectionContextFactory.cs:line 74
   at MassTransit.Agents.PipeContextSupervisor`1.Send(IPipe`1 pipe, CancellationToken cancellationToken) in /_/src/MassTransit/Agents/PipeContextSupervisor.cs:line 51
   at MassTransit.Agents.PipeContextSupervisor`1.Send(IPipe`1 pipe, CancellationToken cancellationToken) in /_/src/MassTransit/Agents/PipeContextSupervisor.cs:line 61
   at MassTransit.Agents.PipeContextSupervisor`1.Send(IPipe`1 pipe, CancellationToken cancellationToken) in /_/src/MassTransit/Agents/PipeContextSupervisor.cs:line 67
   at MassTransit.SupervisorExtensions.<>c__DisplayClass5_0`2.<<CreateAgent>g__HandleSupervisorTask|0>d.MoveNext() in /_/src/MassTransit/SupervisorExtensions.cs:line 139
   at MassTransit.Internals.TaskExtensions.<>c__DisplayClass2_0`1.<<OrCanceled>g__WaitAsync|0>d.MoveNext() in /_/src/MassTransit.Abstractions/Internals/Extensions/TaskExtensions.cs:line 72
--- End of stack trace from previous location ---
   at MassTransit.Internals.TaskExtensions.<>c__DisplayClass2_0`1.<<OrCanceled>g__WaitAsync|0>d.MoveNext() in /_/src/MassTransit.Abstractions/Internals/Extensions/TaskExtensions.cs:line 72
--- End of stack trace from previous location ---
   at MassTransit.RabbitMqTransport.ChannelContextFactory.CreateSharedChannel(Task`1 contextTask, CancellationToken cancellationToken) in /_/src/Transports/MassTransit.RabbitMqTransport/RabbitMqTransport/ChannelContextFactory.cs:line 79
   at MassTransit.Agents.PipeContextSupervisor`1.Send(IPipe`1 pipe, CancellationToken cancellationToken) in /_/src/MassTransit/Agents/PipeContextSupervisor.cs:line 51
   at MassTransit.Agents.PipeContextSupervisor`1.Send(IPipe`1 pipe, CancellationToken cancellationToken) in /_/src/MassTransit/Agents/PipeContextSupervisor.cs:line 61
   at MassTransit.Internals.TaskExtensions.<>c__DisplayClass2_0`1.<<OrCanceled>g__WaitAsync|0>d.MoveNext() in /_/src/MassTransit.Abstractions/Internals/Extensions/TaskExtensions.cs:line 72
--- End of stack trace from previous location ---
   at MassTransit.Agents.PipeContextSupervisor`1.Send(IPipe`1 pipe, CancellationToken cancellationToken) in /_/src/MassTransit/Agents/PipeContextSupervisor.cs:line 67
   at MassTransit.Transports.ReceiveTransport`1.ReceiveTransportAgent.RunTransport() in /_/src/MassTransit/Transports/ReceiveTransport.cs:line 203
   at MassTransit.Agents.PipeContextSupervisor`1.Send(IPipe`1 pipe, CancellationToken cancellationToken) in /_/src/MassTransit/Agents/PipeContextSupervisor.cs:line 51
   at MassTransit.RabbitMqTransport.ChannelContextFactory.CreateSharedChannel(Task`1 contextTask, CancellationToken cancellationToken) in /_/src/Transports/MassTransit.RabbitMqTransport/RabbitMqTransport/ChannelContextFactory.cs:line 79
   at MassTransit.Agents.PipeContextSupervisor`1.Send(IPipe`1 pipe, CancellationToken cancellationToken) in /_/src/MassTransit/Agents/PipeContextSupervisor.cs:line 61
   at MassTransit.Agents.PipeContextSupervisor`1.Send(IPipe`1 pipe, CancellationToken cancellationToken) in /_/src/MassTransit/Agents/PipeContextSupervisor.cs:line 67
   at MassTransit.Transports.TransportStartExtensions.OnTransportStartup[T](ReceiveEndpointContext context, ITransportSupervisor`1 supervisor, CancellationToken cancellationToken) in /_/src/MassTransit/Transports/TransportStartExtensions.cs:line 19
   at MassTransit.Transports.ReceiveTransport`1.ReceiveTransportAgent.RunTransport() in /_/src/MassTransit/Transports/ReceiveTransport.cs:line 200
   at MassTransit.Transports.ReceiveTransport`1.ReceiveTransportAgent.RunTransport() in /_/src/MassTransit/Transports/ReceiveTransport.cs:line 208
   at MassTransit.Transports.ReceiveTransport`1.ReceiveTransportAgent.RunTransport() in /_/src/MassTransit/Transports/ReceiveTransport.cs:line 208
   at MassTransit.Transports.ReceiveTransport`1.ReceiveTransportAgent.RunTransport() in /_/src/MassTransit/Transports/ReceiveTransport.cs:line 208
   at MassTransit.Transports.ReceiveTransport`1.ReceiveTransportAgent.RunTransport() in /_/src/MassTransit/Transports/ReceiveTransport.cs:line 208
   at MassTransit.Transports.ReceiveTransport`1.ReceiveTransportAgent.Run() in /_/src/MassTransit/Transports/ReceiveTransport.cs:line 145
   at MassTransit.Transports.ReceiveTransport`1.ReceiveTransportAgent.Run() in /_/src/MassTransit/Transports/ReceiveTransport.cs:line 145
2026-08-10 23:25:00 [INF] [PaymentService] Retrying "00:00:08.8248222": Broker unreachable: guest@localhost:5672/
MassTransit.RabbitMqConnectionException: Broker unreachable: guest@localhost:5672/
 ---> RabbitMQ.Client.Exceptions.BrokerUnreachableException: None of the specified endpoints were reachable
 ---> System.AggregateException: One or more errors occurred. (Connection failed, host 127.0.0.1:5672)
 ---> RabbitMQ.Client.Exceptions.ConnectFailureException: Connection failed, host 127.0.0.1:5672
 ---> System.Net.Sockets.SocketException (10061): No connection could be made because the target machine actively refused it.
   at System.Net.Sockets.Socket.AwaitableSocketAsyncEventArgs.ThrowException(SocketError error, CancellationToken cancellationToken)
   at System.Net.Sockets.Socket.AwaitableSocketAsyncEventArgs.System.Threading.Tasks.Sources.IValueTaskSource.GetResult(Int16 token)
   at System.Threading.Tasks.ValueTask.ValueTaskSourceAsTask.<>c.<.cctor>b__4_0(Object state)
--- End of stack trace from previous location ---
   at RabbitMQ.Client.Impl.SocketFactory.ConnectUsingAddressFamilyAsync(IPEndPoint endpoint, Func`2 socketFactory, AddressFamily family, TimeSpan connectionTimeout, CancellationToken cancellationToken)
   --- End of inner exception stack trace ---
   at RabbitMQ.Client.Impl.SocketFactory.ConnectUsingAddressFamilyAsync(IPEndPoint endpoint, Func`2 socketFactory, AddressFamily family, TimeSpan connectionTimeout, CancellationToken cancellationToken)
   at RabbitMQ.Client.Impl.SocketFactory.OpenAsync(AmqpTcpEndpoint amqpTcpEndpoint, Func`2 socketFactory, TimeSpan connectionTimeout, CancellationToken cancellationToken)
   at RabbitMQ.Client.Impl.SocketFrameHandler.CreateAsync(AmqpTcpEndpoint amqpTcpEndpoint, Func`2 socketFactory, TimeSpan connectionTimeout, CancellationToken cancellationToken)
   at RabbitMQ.Client.ConnectionFactory.CreateFrameHandlerAsync(AmqpTcpEndpoint endpoint, CancellationToken cancellationToken)
   at RabbitMQ.Client.EndpointResolverExtensions.SelectOneAsync[T](IEndpointResolver resolver, Func`3 selector, CancellationToken cancellationToken)
   --- End of inner exception stack trace ---
   at RabbitMQ.Client.EndpointResolverExtensions.SelectOneAsync[T](IEndpointResolver resolver, Func`3 selector, CancellationToken cancellationToken)
   at RabbitMQ.Client.ConnectionFactory.CreateConnectionAsync(IEndpointResolver endpointResolver, String clientProvidedName, CancellationToken cancellationToken)
   --- End of inner exception stack trace ---
   at RabbitMQ.Client.ConnectionFactory.CreateConnectionAsync(IEndpointResolver endpointResolver, String clientProvidedName, CancellationToken cancellationToken)
   at MassTransit.RabbitMqTransport.ConnectionContextFactory.CreateConnection(ISupervisor supervisor) in /_/src/Transports/MassTransit.RabbitMqTransport/RabbitMqTransport/ConnectionContextFactory.cs:line 108
   --- End of inner exception stack trace ---
   at MassTransit.RabbitMqTransport.ConnectionContextFactory.CreateConnection(ISupervisor supervisor) in /_/src/Transports/MassTransit.RabbitMqTransport/RabbitMqTransport/ConnectionContextFactory.cs:line 135
   at MassTransit.Internals.TaskExtensions.<>c__DisplayClass2_0`1.<<OrCanceled>g__WaitAsync|0>d.MoveNext() in /_/src/MassTransit.Abstractions/Internals/Extensions/TaskExtensions.cs:line 72
--- End of stack trace from previous location ---
   at MassTransit.Internals.TaskExtensions.<>c__DisplayClass2_0`1.<<OrCanceled>g__WaitAsync|0>d.MoveNext() in /_/src/MassTransit.Abstractions/Internals/Extensions/TaskExtensions.cs:line 72
--- End of stack trace from previous location ---
   at MassTransit.RabbitMqTransport.ConnectionContextFactory.CreateSharedConnection(Task`1 contextTask, CancellationToken cancellationToken) in /_/src/Transports/MassTransit.RabbitMqTransport/RabbitMqTransport/ConnectionContextFactory.cs:line 74
   at MassTransit.Agents.PipeContextSupervisor`1.Send(IPipe`1 pipe, CancellationToken cancellationToken) in /_/src/MassTransit/Agents/PipeContextSupervisor.cs:line 51
   at MassTransit.Agents.PipeContextSupervisor`1.Send(IPipe`1 pipe, CancellationToken cancellationToken) in /_/src/MassTransit/Agents/PipeContextSupervisor.cs:line 61
   at MassTransit.Agents.PipeContextSupervisor`1.Send(IPipe`1 pipe, CancellationToken cancellationToken) in /_/src/MassTransit/Agents/PipeContextSupervisor.cs:line 67
   at MassTransit.SupervisorExtensions.<>c__DisplayClass5_0`2.<<CreateAgent>g__HandleSupervisorTask|0>d.MoveNext() in /_/src/MassTransit/SupervisorExtensions.cs:line 139
   at MassTransit.Internals.TaskExtensions.<>c__DisplayClass2_0`1.<<OrCanceled>g__WaitAsync|0>d.MoveNext() in /_/src/MassTransit.Abstractions/Internals/Extensions/TaskExtensions.cs:line 72
--- End of stack trace from previous location ---
   at MassTransit.Internals.TaskExtensions.<>c__DisplayClass2_0`1.<<OrCanceled>g__WaitAsync|0>d.MoveNext() in /_/src/MassTransit.Abstractions/Internals/Extensions/TaskExtensions.cs:line 72
--- End of stack trace from previous location ---
   at MassTransit.RabbitMqTransport.ChannelContextFactory.CreateSharedChannel(Task`1 contextTask, CancellationToken cancellationToken) in /_/src/Transports/MassTransit.RabbitMqTransport/RabbitMqTransport/ChannelContextFactory.cs:line 79
   at MassTransit.Agents.PipeContextSupervisor`1.Send(IPipe`1 pipe, CancellationToken cancellationToken) in /_/src/MassTransit/Agents/PipeContextSupervisor.cs:line 51
   at MassTransit.Agents.PipeContextSupervisor`1.Send(IPipe`1 pipe, CancellationToken cancellationToken) in /_/src/MassTransit/Agents/PipeContextSupervisor.cs:line 61
   at MassTransit.Internals.TaskExtensions.<>c__DisplayClass2_0`1.<<OrCanceled>g__WaitAsync|0>d.MoveNext() in /_/src/MassTransit.Abstractions/Internals/Extensions/TaskExtensions.cs:line 72
--- End of stack trace from previous location ---
   at MassTransit.Agents.PipeContextSupervisor`1.Send(IPipe`1 pipe, CancellationToken cancellationToken) in /_/src/MassTransit/Agents/PipeContextSupervisor.cs:line 67
   at MassTransit.Transports.ReceiveTransport`1.ReceiveTransportAgent.RunTransport() in /_/src/MassTransit/Transports/ReceiveTransport.cs:line 203
   at MassTransit.Agents.PipeContextSupervisor`1.Send(IPipe`1 pipe, CancellationToken cancellationToken) in /_/src/MassTransit/Agents/PipeContextSupervisor.cs:line 51
   at MassTransit.RabbitMqTransport.ChannelContextFactory.CreateSharedChannel(Task`1 contextTask, CancellationToken cancellationToken) in /_/src/Transports/MassTransit.RabbitMqTransport/RabbitMqTransport/ChannelContextFactory.cs:line 79
   at MassTransit.Agents.PipeContextSupervisor`1.Send(IPipe`1 pipe, CancellationToken cancellationToken) in /_/src/MassTransit/Agents/PipeContextSupervisor.cs:line 61
   at MassTransit.Agents.PipeContextSupervisor`1.Send(IPipe`1 pipe, CancellationToken cancellationToken) in /_/src/MassTransit/Agents/PipeContextSupervisor.cs:line 67
   at MassTransit.Transports.TransportStartExtensions.OnTransportStartup[T](ReceiveEndpointContext context, ITransportSupervisor`1 supervisor, CancellationToken cancellationToken) in /_/src/MassTransit/Transports/TransportStartExtensions.cs:line 19
   at MassTransit.Transports.ReceiveTransport`1.ReceiveTransportAgent.RunTransport() in /_/src/MassTransit/Transports/ReceiveTransport.cs:line 200
   at MassTransit.Transports.ReceiveTransport`1.ReceiveTransportAgent.RunTransport() in /_/src/MassTransit/Transports/ReceiveTransport.cs:line 208
   at MassTransit.Transports.ReceiveTransport`1.ReceiveTransportAgent.RunTransport() in /_/src/MassTransit/Transports/ReceiveTransport.cs:line 208
   at MassTransit.Transports.ReceiveTransport`1.ReceiveTransportAgent.RunTransport() in /_/src/MassTransit/Transports/ReceiveTransport.cs:line 208
   at MassTransit.Transports.ReceiveTransport`1.ReceiveTransportAgent.RunTransport() in /_/src/MassTransit/Transports/ReceiveTransport.cs:line 208
   at MassTransit.Transports.ReceiveTransport`1.ReceiveTransportAgent.Run() in /_/src/MassTransit/Transports/ReceiveTransport.cs:line 145
   at MassTransit.Transports.ReceiveTransport`1.ReceiveTransportAgent.Run() in /_/src/MassTransit/Transports/ReceiveTransport.cs:line 145
2026-08-10 23:25:11 [WRN] [PaymentService] Connection Failed: "rabbitmq://localhost/"
RabbitMQ.Client.Exceptions.BrokerUnreachableException: None of the specified endpoints were reachable
 ---> System.AggregateException: One or more errors occurred. (Connection failed, host 127.0.0.1:5672)
 ---> RabbitMQ.Client.Exceptions.ConnectFailureException: Connection failed, host 127.0.0.1:5672
 ---> System.Net.Sockets.SocketException (10061): No connection could be made because the target machine actively refused it.
   at System.Net.Sockets.Socket.AwaitableSocketAsyncEventArgs.ThrowException(SocketError error, CancellationToken cancellationToken)
   at System.Net.Sockets.Socket.AwaitableSocketAsyncEventArgs.System.Threading.Tasks.Sources.IValueTaskSource.GetResult(Int16 token)
   at System.Threading.Tasks.ValueTask.ValueTaskSourceAsTask.<>c.<.cctor>b__4_0(Object state)
--- End of stack trace from previous location ---
   at RabbitMQ.Client.Impl.SocketFactory.ConnectUsingAddressFamilyAsync(IPEndPoint endpoint, Func`2 socketFactory, AddressFamily family, TimeSpan connectionTimeout, CancellationToken cancellationToken)
   --- End of inner exception stack trace ---
   at RabbitMQ.Client.Impl.SocketFactory.ConnectUsingAddressFamilyAsync(IPEndPoint endpoint, Func`2 socketFactory, AddressFamily family, TimeSpan connectionTimeout, CancellationToken cancellationToken)
   at RabbitMQ.Client.Impl.SocketFactory.OpenAsync(AmqpTcpEndpoint amqpTcpEndpoint, Func`2 socketFactory, TimeSpan connectionTimeout, CancellationToken cancellationToken)
   at RabbitMQ.Client.Impl.SocketFrameHandler.CreateAsync(AmqpTcpEndpoint amqpTcpEndpoint, Func`2 socketFactory, TimeSpan connectionTimeout, CancellationToken cancellationToken)
   at RabbitMQ.Client.ConnectionFactory.CreateFrameHandlerAsync(AmqpTcpEndpoint endpoint, CancellationToken cancellationToken)
   at RabbitMQ.Client.EndpointResolverExtensions.SelectOneAsync[T](IEndpointResolver resolver, Func`3 selector, CancellationToken cancellationToken)
   --- End of inner exception stack trace ---
   at RabbitMQ.Client.EndpointResolverExtensions.SelectOneAsync[T](IEndpointResolver resolver, Func`3 selector, CancellationToken cancellationToken)
   at RabbitMQ.Client.ConnectionFactory.CreateConnectionAsync(IEndpointResolver endpointResolver, String clientProvidedName, CancellationToken cancellationToken)
   --- End of inner exception stack trace ---
   at RabbitMQ.Client.ConnectionFactory.CreateConnectionAsync(IEndpointResolver endpointResolver, String clientProvidedName, CancellationToken cancellationToken)
   at MassTransit.RabbitMqTransport.ConnectionContextFactory.CreateConnection(ISupervisor supervisor) in /_/src/Transports/MassTransit.RabbitMqTransport/RabbitMqTransport/ConnectionContextFactory.cs:line 108
2026-08-10 23:25:12 [INF] [PaymentService] Retrying "00:00:16.3252241": Broker unreachable: guest@localhost:5672/
MassTransit.RabbitMqConnectionException: Broker unreachable: guest@localhost:5672/
 ---> RabbitMQ.Client.Exceptions.BrokerUnreachableException: None of the specified endpoints were reachable
 ---> System.AggregateException: One or more errors occurred. (Connection failed, host 127.0.0.1:5672)
 ---> RabbitMQ.Client.Exceptions.ConnectFailureException: Connection failed, host 127.0.0.1:5672
 ---> System.Net.Sockets.SocketException (10061): No connection could be made because the target machine actively refused it.
   at System.Net.Sockets.Socket.AwaitableSocketAsyncEventArgs.ThrowException(SocketError error, CancellationToken cancellationToken)
   at System.Net.Sockets.Socket.AwaitableSocketAsyncEventArgs.System.Threading.Tasks.Sources.IValueTaskSource.GetResult(Int16 token)
   at System.Threading.Tasks.ValueTask.ValueTaskSourceAsTask.<>c.<.cctor>b__4_0(Object state)
--- End of stack trace from previous location ---
   at RabbitMQ.Client.Impl.SocketFactory.ConnectUsingAddressFamilyAsync(IPEndPoint endpoint, Func`2 socketFactory, AddressFamily family, TimeSpan connectionTimeout, CancellationToken cancellationToken)
   --- End of inner exception stack trace ---
   at RabbitMQ.Client.Impl.SocketFactory.ConnectUsingAddressFamilyAsync(IPEndPoint endpoint, Func`2 socketFactory, AddressFamily family, TimeSpan connectionTimeout, CancellationToken cancellationToken)
   at RabbitMQ.Client.Impl.SocketFactory.OpenAsync(AmqpTcpEndpoint amqpTcpEndpoint, Func`2 socketFactory, TimeSpan connectionTimeout, CancellationToken cancellationToken)
   at RabbitMQ.Client.Impl.SocketFrameHandler.CreateAsync(AmqpTcpEndpoint amqpTcpEndpoint, Func`2 socketFactory, TimeSpan connectionTimeout, CancellationToken cancellationToken)
   at RabbitMQ.Client.ConnectionFactory.CreateFrameHandlerAsync(AmqpTcpEndpoint endpoint, CancellationToken cancellationToken)
   at RabbitMQ.Client.EndpointResolverExtensions.SelectOneAsync[T](IEndpointResolver resolver, Func`3 selector, CancellationToken cancellationToken)
   --- End of inner exception stack trace ---
   at RabbitMQ.Client.EndpointResolverExtensions.SelectOneAsync[T](IEndpointResolver resolver, Func`3 selector, CancellationToken cancellationToken)
   at RabbitMQ.Client.ConnectionFactory.CreateConnectionAsync(IEndpointResolver endpointResolver, String clientProvidedName, CancellationToken cancellationToken)
   --- End of inner exception stack trace ---
   at RabbitMQ.Client.ConnectionFactory.CreateConnectionAsync(IEndpointResolver endpointResolver, String clientProvidedName, CancellationToken cancellationToken)
   at MassTransit.RabbitMqTransport.ConnectionContextFactory.CreateConnection(ISupervisor supervisor) in /_/src/Transports/MassTransit.RabbitMqTransport/RabbitMqTransport/ConnectionContextFactory.cs:line 108
   --- End of inner exception stack trace ---
   at MassTransit.RabbitMqTransport.ConnectionContextFactory.CreateConnection(ISupervisor supervisor) in /_/src/Transports/MassTransit.RabbitMqTransport/RabbitMqTransport/ConnectionContextFactory.cs:line 135
   at MassTransit.Internals.TaskExtensions.<>c__DisplayClass2_0`1.<<OrCanceled>g__WaitAsync|0>d.MoveNext() in /_/src/MassTransit.Abstractions/Internals/Extensions/TaskExtensions.cs:line 72
--- End of stack trace from previous location ---
   at MassTransit.Internals.TaskExtensions.<>c__DisplayClass2_0`1.<<OrCanceled>g__WaitAsync|0>d.MoveNext() in /_/src/MassTransit.Abstractions/Internals/Extensions/TaskExtensions.cs:line 72
--- End of stack trace from previous location ---
   at MassTransit.RabbitMqTransport.ConnectionContextFactory.CreateSharedConnection(Task`1 contextTask, CancellationToken cancellationToken) in /_/src/Transports/MassTransit.RabbitMqTransport/RabbitMqTransport/ConnectionContextFactory.cs:line 74
   at MassTransit.Agents.PipeContextSupervisor`1.Send(IPipe`1 pipe, CancellationToken cancellationToken) in /_/src/MassTransit/Agents/PipeContextSupervisor.cs:line 51
   at MassTransit.Agents.PipeContextSupervisor`1.Send(IPipe`1 pipe, CancellationToken cancellationToken) in /_/src/MassTransit/Agents/PipeContextSupervisor.cs:line 61
   at MassTransit.Agents.PipeContextSupervisor`1.Send(IPipe`1 pipe, CancellationToken cancellationToken) in /_/src/MassTransit/Agents/PipeContextSupervisor.cs:line 67
   at MassTransit.SupervisorExtensions.<>c__DisplayClass5_0`2.<<CreateAgent>g__HandleSupervisorTask|0>d.MoveNext() in /_/src/MassTransit/SupervisorExtensions.cs:line 139
   at MassTransit.Internals.TaskExtensions.<>c__DisplayClass2_0`1.<<OrCanceled>g__WaitAsync|0>d.MoveNext() in /_/src/MassTransit.Abstractions/Internals/Extensions/TaskExtensions.cs:line 72
--- End of stack trace from previous location ---
   at MassTransit.Internals.TaskExtensions.<>c__DisplayClass2_0`1.<<OrCanceled>g__WaitAsync|0>d.MoveNext() in /_/src/MassTransit.Abstractions/Internals/Extensions/TaskExtensions.cs:line 72
--- End of stack trace from previous location ---
   at MassTransit.RabbitMqTransport.ChannelContextFactory.CreateSharedChannel(Task`1 contextTask, CancellationToken cancellationToken) in /_/src/Transports/MassTransit.RabbitMqTransport/RabbitMqTransport/ChannelContextFactory.cs:line 79
   at MassTransit.Agents.PipeContextSupervisor`1.Send(IPipe`1 pipe, CancellationToken cancellationToken) in /_/src/MassTransit/Agents/PipeContextSupervisor.cs:line 51
   at MassTransit.Agents.PipeContextSupervisor`1.Send(IPipe`1 pipe, CancellationToken cancellationToken) in /_/src/MassTransit/Agents/PipeContextSupervisor.cs:line 61
   at MassTransit.Internals.TaskExtensions.<>c__DisplayClass2_0`1.<<OrCanceled>g__WaitAsync|0>d.MoveNext() in /_/src/MassTransit.Abstractions/Internals/Extensions/TaskExtensions.cs:line 72
--- End of stack trace from previous location ---
   at MassTransit.Agents.PipeContextSupervisor`1.Send(IPipe`1 pipe, CancellationToken cancellationToken) in /_/src/MassTransit/Agents/PipeContextSupervisor.cs:line 67
   at MassTransit.Transports.ReceiveTransport`1.ReceiveTransportAgent.RunTransport() in /_/src/MassTransit/Transports/ReceiveTransport.cs:line 203
   at MassTransit.Agents.PipeContextSupervisor`1.Send(IPipe`1 pipe, CancellationToken cancellationToken) in /_/src/MassTransit/Agents/PipeContextSupervisor.cs:line 51
   at MassTransit.RabbitMqTransport.ChannelContextFactory.CreateSharedChannel(Task`1 contextTask, CancellationToken cancellationToken) in /_/src/Transports/MassTransit.RabbitMqTransport/RabbitMqTransport/ChannelContextFactory.cs:line 79
   at MassTransit.Agents.PipeContextSupervisor`1.Send(IPipe`1 pipe, CancellationToken cancellationToken) in /_/src/MassTransit/Agents/PipeContextSupervisor.cs:line 61
   at MassTransit.Agents.PipeContextSupervisor`1.Send(IPipe`1 pipe, CancellationToken cancellationToken) in /_/src/MassTransit/Agents/PipeContextSupervisor.cs:line 67
   at MassTransit.Transports.TransportStartExtensions.OnTransportStartup[T](ReceiveEndpointContext context, ITransportSupervisor`1 supervisor, CancellationToken cancellationToken) in /_/src/MassTransit/Transports/TransportStartExtensions.cs:line 19
   at MassTransit.Transports.ReceiveTransport`1.ReceiveTransportAgent.RunTransport() in /_/src/MassTransit/Transports/ReceiveTransport.cs:line 200
   at MassTransit.Transports.ReceiveTransport`1.ReceiveTransportAgent.RunTransport() in /_/src/MassTransit/Transports/ReceiveTransport.cs:line 208
   at MassTransit.Transports.ReceiveTransport`1.ReceiveTransportAgent.RunTransport() in /_/src/MassTransit/Transports/ReceiveTransport.cs:line 208
   at MassTransit.Transports.ReceiveTransport`1.ReceiveTransportAgent.RunTransport() in /_/src/MassTransit/Transports/ReceiveTransport.cs:line 208
   at MassTransit.Transports.ReceiveTransport`1.ReceiveTransportAgent.RunTransport() in /_/src/MassTransit/Transports/ReceiveTransport.cs:line 208
   at MassTransit.Transports.ReceiveTransport`1.ReceiveTransportAgent.Run() in /_/src/MassTransit/Transports/ReceiveTransport.cs:line 145
   at MassTransit.Transports.ReceiveTransport`1.ReceiveTransportAgent.Run() in /_/src/MassTransit/Transports/ReceiveTransport.cs:line 145
2026-08-10 23:25:12 [INF] [PaymentService] Retrying "00:00:18.6729376": Broker unreachable: guest@localhost:5672/
MassTransit.RabbitMqConnectionException: Broker unreachable: guest@localhost:5672/
 ---> RabbitMQ.Client.Exceptions.BrokerUnreachableException: None of the specified endpoints were reachable
 ---> System.AggregateException: One or more errors occurred. (Connection failed, host 127.0.0.1:5672)
 ---> RabbitMQ.Client.Exceptions.ConnectFailureException: Connection failed, host 127.0.0.1:5672
 ---> System.Net.Sockets.SocketException (10061): No connection could be made because the target machine actively refused it.
   at System.Net.Sockets.Socket.AwaitableSocketAsyncEventArgs.ThrowException(SocketError error, CancellationToken cancellationToken)
   at System.Net.Sockets.Socket.AwaitableSocketAsyncEventArgs.System.Threading.Tasks.Sources.IValueTaskSource.GetResult(Int16 token)
   at System.Threading.Tasks.ValueTask.ValueTaskSourceAsTask.<>c.<.cctor>b__4_0(Object state)
--- End of stack trace from previous location ---
   at RabbitMQ.Client.Impl.SocketFactory.ConnectUsingAddressFamilyAsync(IPEndPoint endpoint, Func`2 socketFactory, AddressFamily family, TimeSpan connectionTimeout, CancellationToken cancellationToken)
   --- End of inner exception stack trace ---
   at RabbitMQ.Client.Impl.SocketFactory.ConnectUsingAddressFamilyAsync(IPEndPoint endpoint, Func`2 socketFactory, AddressFamily family, TimeSpan connectionTimeout, CancellationToken cancellationToken)
   at RabbitMQ.Client.Impl.SocketFactory.OpenAsync(AmqpTcpEndpoint amqpTcpEndpoint, Func`2 socketFactory, TimeSpan connectionTimeout, CancellationToken cancellationToken)
   at RabbitMQ.Client.Impl.SocketFrameHandler.CreateAsync(AmqpTcpEndpoint amqpTcpEndpoint, Func`2 socketFactory, TimeSpan connectionTimeout, CancellationToken cancellationToken)
   at RabbitMQ.Client.ConnectionFactory.CreateFrameHandlerAsync(AmqpTcpEndpoint endpoint, CancellationToken cancellationToken)
   at RabbitMQ.Client.EndpointResolverExtensions.SelectOneAsync[T](IEndpointResolver resolver, Func`3 selector, CancellationToken cancellationToken)
   --- End of inner exception stack trace ---
   at RabbitMQ.Client.EndpointResolverExtensions.SelectOneAsync[T](IEndpointResolver resolver, Func`3 selector, CancellationToken cancellationToken)
   at RabbitMQ.Client.ConnectionFactory.CreateConnectionAsync(IEndpointResolver endpointResolver, String clientProvidedName, CancellationToken cancellationToken)
   --- End of inner exception stack trace ---
   at RabbitMQ.Client.ConnectionFactory.CreateConnectionAsync(IEndpointResolver endpointResolver, String clientProvidedName, CancellationToken cancellationToken)
   at MassTransit.RabbitMqTransport.ConnectionContextFactory.CreateConnection(ISupervisor supervisor) in /_/src/Transports/MassTransit.RabbitMqTransport/RabbitMqTransport/ConnectionContextFactory.cs:line 108
   --- End of inner exception stack trace ---
   at MassTransit.RabbitMqTransport.ConnectionContextFactory.CreateConnection(ISupervisor supervisor) in /_/src/Transports/MassTransit.RabbitMqTransport/RabbitMqTransport/ConnectionContextFactory.cs:line 135
   at MassTransit.Internals.TaskExtensions.<>c__DisplayClass2_0`1.<<OrCanceled>g__WaitAsync|0>d.MoveNext() in /_/src/MassTransit.Abstractions/Internals/Extensions/TaskExtensions.cs:line 72
--- End of stack trace from previous location ---
   at MassTransit.Internals.TaskExtensions.<>c__DisplayClass2_0`1.<<OrCanceled>g__WaitAsync|0>d.MoveNext() in /_/src/MassTransit.Abstractions/Internals/Extensions/TaskExtensions.cs:line 72
--- End of stack trace from previous location ---
   at MassTransit.RabbitMqTransport.ConnectionContextFactory.CreateSharedConnection(Task`1 contextTask, CancellationToken cancellationToken) in /_/src/Transports/MassTransit.RabbitMqTransport/RabbitMqTransport/ConnectionContextFactory.cs:line 74
   at MassTransit.Agents.PipeContextSupervisor`1.Send(IPipe`1 pipe, CancellationToken cancellationToken) in /_/src/MassTransit/Agents/PipeContextSupervisor.cs:line 51
   at MassTransit.Agents.PipeContextSupervisor`1.Send(IPipe`1 pipe, CancellationToken cancellationToken) in /_/src/MassTransit/Agents/PipeContextSupervisor.cs:line 61
   at MassTransit.Agents.PipeContextSupervisor`1.Send(IPipe`1 pipe, CancellationToken cancellationToken) in /_/src/MassTransit/Agents/PipeContextSupervisor.cs:line 67
   at MassTransit.SupervisorExtensions.<>c__DisplayClass5_0`2.<<CreateAgent>g__HandleSupervisorTask|0>d.MoveNext() in /_/src/MassTransit/SupervisorExtensions.cs:line 139
   at MassTransit.Internals.TaskExtensions.<>c__DisplayClass2_0`1.<<OrCanceled>g__WaitAsync|0>d.MoveNext() in /_/src/MassTransit.Abstractions/Internals/Extensions/TaskExtensions.cs:line 72
--- End of stack trace from previous location ---
   at MassTransit.Internals.TaskExtensions.<>c__DisplayClass2_0`1.<<OrCanceled>g__WaitAsync|0>d.MoveNext() in /_/src/MassTransit.Abstractions/Internals/Extensions/TaskExtensions.cs:line 72
--- End of stack trace from previous location ---
   at MassTransit.RabbitMqTransport.ChannelContextFactory.CreateSharedChannel(Task`1 contextTask, CancellationToken cancellationToken) in /_/src/Transports/MassTransit.RabbitMqTransport/RabbitMqTransport/ChannelContextFactory.cs:line 79
   at MassTransit.Agents.PipeContextSupervisor`1.Send(IPipe`1 pipe, CancellationToken cancellationToken) in /_/src/MassTransit/Agents/PipeContextSupervisor.cs:line 51
   at MassTransit.Agents.PipeContextSupervisor`1.Send(IPipe`1 pipe, CancellationToken cancellationToken) in /_/src/MassTransit/Agents/PipeContextSupervisor.cs:line 61
   at MassTransit.Internals.TaskExtensions.<>c__DisplayClass2_0`1.<<OrCanceled>g__WaitAsync|0>d.MoveNext() in /_/src/MassTransit.Abstractions/Internals/Extensions/TaskExtensions.cs:line 72
--- End of stack trace from previous location ---
   at MassTransit.Agents.PipeContextSupervisor`1.Send(IPipe`1 pipe, CancellationToken cancellationToken) in /_/src/MassTransit/Agents/PipeContextSupervisor.cs:line 67
   at MassTransit.Transports.ReceiveTransport`1.ReceiveTransportAgent.RunTransport() in /_/src/MassTransit/Transports/ReceiveTransport.cs:line 203
   at MassTransit.Agents.PipeContextSupervisor`1.Send(IPipe`1 pipe, CancellationToken cancellationToken) in /_/src/MassTransit/Agents/PipeContextSupervisor.cs:line 51
   at MassTransit.RabbitMqTransport.ChannelContextFactory.CreateSharedChannel(Task`1 contextTask, CancellationToken cancellationToken) in /_/src/Transports/MassTransit.RabbitMqTransport/RabbitMqTransport/ChannelContextFactory.cs:line 79
   at MassTransit.Agents.PipeContextSupervisor`1.Send(IPipe`1 pipe, CancellationToken cancellationToken) in /_/src/MassTransit/Agents/PipeContextSupervisor.cs:line 61
   at MassTransit.Agents.PipeContextSupervisor`1.Send(IPipe`1 pipe, CancellationToken cancellationToken) in /_/src/MassTransit/Agents/PipeContextSupervisor.cs:line 67
   at MassTransit.Transports.TransportStartExtensions.OnTransportStartup[T](ReceiveEndpointContext context, ITransportSupervisor`1 supervisor, CancellationToken cancellationToken) in /_/src/MassTransit/Transports/TransportStartExtensions.cs:line 19
   at MassTransit.Transports.ReceiveTransport`1.ReceiveTransportAgent.RunTransport() in /_/src/MassTransit/Transports/ReceiveTransport.cs:line 200
   at MassTransit.Transports.ReceiveTransport`1.ReceiveTransportAgent.RunTransport() in /_/src/MassTransit/Transports/ReceiveTransport.cs:line 208
   at MassTransit.Transports.ReceiveTransport`1.ReceiveTransportAgent.RunTransport() in /_/src/MassTransit/Transports/ReceiveTransport.cs:line 208
   at MassTransit.Transports.ReceiveTransport`1.ReceiveTransportAgent.RunTransport() in /_/src/MassTransit/Transports/ReceiveTransport.cs:line 208
   at MassTransit.Transports.ReceiveTransport`1.ReceiveTransportAgent.RunTransport() in /_/src/MassTransit/Transports/ReceiveTransport.cs:line 208
   at MassTransit.Transports.ReceiveTransport`1.ReceiveTransportAgent.Run() in /_/src/MassTransit/Transports/ReceiveTransport.cs:line 145
   at MassTransit.Transports.ReceiveTransport`1.ReceiveTransportAgent.Run() in /_/src/MassTransit/Transports/ReceiveTransport.cs:line 145
2026-08-10 23:25:12 [INF] [PaymentService] Retrying "00:00:18.1043717": Broker unreachable: guest@localhost:5672/
MassTransit.RabbitMqConnectionException: Broker unreachable: guest@localhost:5672/
 ---> RabbitMQ.Client.Exceptions.BrokerUnreachableException: None of the specified endpoints were reachable
 ---> System.AggregateException: One or more errors occurred. (Connection failed, host 127.0.0.1:5672)
 ---> RabbitMQ.Client.Exceptions.ConnectFailureException: Connection failed, host 127.0.0.1:5672
 ---> System.Net.Sockets.SocketException (10061): No connection could be made because the target machine actively refused it.
   at System.Net.Sockets.Socket.AwaitableSocketAsyncEventArgs.ThrowException(SocketError error, CancellationToken cancellationToken)
   at System.Net.Sockets.Socket.AwaitableSocketAsyncEventArgs.System.Threading.Tasks.Sources.IValueTaskSource.GetResult(Int16 token)
   at System.Threading.Tasks.ValueTask.ValueTaskSourceAsTask.<>c.<.cctor>b__4_0(Object state)
--- End of stack trace from previous location ---
   at RabbitMQ.Client.Impl.SocketFactory.ConnectUsingAddressFamilyAsync(IPEndPoint endpoint, Func`2 socketFactory, AddressFamily family, TimeSpan connectionTimeout, CancellationToken cancellationToken)
   --- End of inner exception stack trace ---
   at RabbitMQ.Client.Impl.SocketFactory.ConnectUsingAddressFamilyAsync(IPEndPoint endpoint, Func`2 socketFactory, AddressFamily family, TimeSpan connectionTimeout, CancellationToken cancellationToken)
   at RabbitMQ.Client.Impl.SocketFactory.OpenAsync(AmqpTcpEndpoint amqpTcpEndpoint, Func`2 socketFactory, TimeSpan connectionTimeout, CancellationToken cancellationToken)
   at RabbitMQ.Client.Impl.SocketFrameHandler.CreateAsync(AmqpTcpEndpoint amqpTcpEndpoint, Func`2 socketFactory, TimeSpan connectionTimeout, CancellationToken cancellationToken)
   at RabbitMQ.Client.ConnectionFactory.CreateFrameHandlerAsync(AmqpTcpEndpoint endpoint, CancellationToken cancellationToken)
   at RabbitMQ.Client.EndpointResolverExtensions.SelectOneAsync[T](IEndpointResolver resolver, Func`3 selector, CancellationToken cancellationToken)
   --- End of inner exception stack trace ---
   at RabbitMQ.Client.EndpointResolverExtensions.SelectOneAsync[T](IEndpointResolver resolver, Func`3 selector, CancellationToken cancellationToken)
   at RabbitMQ.Client.ConnectionFactory.CreateConnectionAsync(IEndpointResolver endpointResolver, String clientProvidedName, CancellationToken cancellationToken)
   --- End of inner exception stack trace ---
   at RabbitMQ.Client.ConnectionFactory.CreateConnectionAsync(IEndpointResolver endpointResolver, String clientProvidedName, CancellationToken cancellationToken)
   at MassTransit.RabbitMqTransport.ConnectionContextFactory.CreateConnection(ISupervisor supervisor) in /_/src/Transports/MassTransit.RabbitMqTransport/RabbitMqTransport/ConnectionContextFactory.cs:line 108
   --- End of inner exception stack trace ---
   at MassTransit.RabbitMqTransport.ConnectionContextFactory.CreateConnection(ISupervisor supervisor) in /_/src/Transports/MassTransit.RabbitMqTransport/RabbitMqTransport/ConnectionContextFactory.cs:line 135
   at MassTransit.Internals.TaskExtensions.<>c__DisplayClass2_0`1.<<OrCanceled>g__WaitAsync|0>d.MoveNext() in /_/src/MassTransit.Abstractions/Internals/Extensions/TaskExtensions.cs:line 72
--- End of stack trace from previous location ---
   at MassTransit.Internals.TaskExtensions.<>c__DisplayClass2_0`1.<<OrCanceled>g__WaitAsync|0>d.MoveNext() in /_/src/MassTransit.Abstractions/Internals/Extensions/TaskExtensions.cs:line 72
--- End of stack trace from previous location ---
   at MassTransit.RabbitMqTransport.ConnectionContextFactory.CreateSharedConnection(Task`1 contextTask, CancellationToken cancellationToken) in /_/src/Transports/MassTransit.RabbitMqTransport/RabbitMqTransport/ConnectionContextFactory.cs:line 74
   at MassTransit.Agents.PipeContextSupervisor`1.Send(IPipe`1 pipe, CancellationToken cancellationToken) in /_/src/MassTransit/Agents/PipeContextSupervisor.cs:line 51
   at MassTransit.Agents.PipeContextSupervisor`1.Send(IPipe`1 pipe, CancellationToken cancellationToken) in /_/src/MassTransit/Agents/PipeContextSupervisor.cs:line 61
   at MassTransit.Agents.PipeContextSupervisor`1.Send(IPipe`1 pipe, CancellationToken cancellationToken) in /_/src/MassTransit/Agents/PipeContextSupervisor.cs:line 67
   at MassTransit.SupervisorExtensions.<>c__DisplayClass5_0`2.<<CreateAgent>g__HandleSupervisorTask|0>d.MoveNext() in /_/src/MassTransit/SupervisorExtensions.cs:line 139
   at MassTransit.Internals.TaskExtensions.<>c__DisplayClass2_0`1.<<OrCanceled>g__WaitAsync|0>d.MoveNext() in /_/src/MassTransit.Abstractions/Internals/Extensions/TaskExtensions.cs:line 72
--- End of stack trace from previous location ---
   at MassTransit.Internals.TaskExtensions.<>c__DisplayClass2_0`1.<<OrCanceled>g__WaitAsync|0>d.MoveNext() in /_/src/MassTransit.Abstractions/Internals/Extensions/TaskExtensions.cs:line 72
--- End of stack trace from previous location ---
   at MassTransit.RabbitMqTransport.ChannelContextFactory.CreateSharedChannel(Task`1 contextTask, CancellationToken cancellationToken) in /_/src/Transports/MassTransit.RabbitMqTransport/RabbitMqTransport/ChannelContextFactory.cs:line 79
   at MassTransit.Agents.PipeContextSupervisor`1.Send(IPipe`1 pipe, CancellationToken cancellationToken) in /_/src/MassTransit/Agents/PipeContextSupervisor.cs:line 51
   at MassTransit.Agents.PipeContextSupervisor`1.Send(IPipe`1 pipe, CancellationToken cancellationToken) in /_/src/MassTransit/Agents/PipeContextSupervisor.cs:line 61
   at MassTransit.Internals.TaskExtensions.<>c__DisplayClass2_0`1.<<OrCanceled>g__WaitAsync|0>d.MoveNext() in /_/src/MassTransit.Abstractions/Internals/Extensions/TaskExtensions.cs:line 72
--- End of stack trace from previous location ---
   at MassTransit.Agents.PipeContextSupervisor`1.Send(IPipe`1 pipe, CancellationToken cancellationToken) in /_/src/MassTransit/Agents/PipeContextSupervisor.cs:line 67
   at MassTransit.Transports.ReceiveTransport`1.ReceiveTransportAgent.RunTransport() in /_/src/MassTransit/Transports/ReceiveTransport.cs:line 203
   at MassTransit.Agents.PipeContextSupervisor`1.Send(IPipe`1 pipe, CancellationToken cancellationToken) in /_/src/MassTransit/Agents/PipeContextSupervisor.cs:line 51
   at MassTransit.RabbitMqTransport.ChannelContextFactory.CreateSharedChannel(Task`1 contextTask, CancellationToken cancellationToken) in /_/src/Transports/MassTransit.RabbitMqTransport/RabbitMqTransport/ChannelContextFactory.cs:line 79
   at MassTransit.Agents.PipeContextSupervisor`1.Send(IPipe`1 pipe, CancellationToken cancellationToken) in /_/src/MassTransit/Agents/PipeContextSupervisor.cs:line 61
   at MassTransit.Agents.PipeContextSupervisor`1.Send(IPipe`1 pipe, CancellationToken cancellationToken) in /_/src/MassTransit/Agents/PipeContextSupervisor.cs:line 67
   at MassTransit.Transports.TransportStartExtensions.OnTransportStartup[T](ReceiveEndpointContext context, ITransportSupervisor`1 supervisor, CancellationToken cancellationToken) in /_/src/MassTransit/Transports/TransportStartExtensions.cs:line 19
   at MassTransit.Transports.ReceiveTransport`1.ReceiveTransportAgent.RunTransport() in /_/src/MassTransit/Transports/ReceiveTransport.cs:line 200
   at MassTransit.Transports.ReceiveTransport`1.ReceiveTransportAgent.RunTransport() in /_/src/MassTransit/Transports/ReceiveTransport.cs:line 208
   at MassTransit.Transports.ReceiveTransport`1.ReceiveTransportAgent.RunTransport() in /_/src/MassTransit/Transports/ReceiveTransport.cs:line 208
   at MassTransit.Transports.ReceiveTransport`1.ReceiveTransportAgent.RunTransport() in /_/src/MassTransit/Transports/ReceiveTransport.cs:line 208
   at MassTransit.Transports.ReceiveTransport`1.ReceiveTransportAgent.RunTransport() in /_/src/MassTransit/Transports/ReceiveTransport.cs:line 208
   at MassTransit.Transports.ReceiveTransport`1.ReceiveTransportAgent.Run() in /_/src/MassTransit/Transports/ReceiveTransport.cs:line 145
   at MassTransit.Transports.ReceiveTransport`1.ReceiveTransportAgent.Run() in /_/src/MassTransit/Transports/ReceiveTransport.cs:line 145
2026-08-10 23:25:12 [INF] [PaymentService] Retrying "00:00:19.8578433": Broker unreachable: guest@localhost:5672/
MassTransit.RabbitMqConnectionException: Broker unreachable: guest@localhost:5672/
 ---> RabbitMQ.Client.Exceptions.BrokerUnreachableException: None of the specified endpoints were reachable
 ---> System.AggregateException: One or more errors occurred. (Connection failed, host 127.0.0.1:5672)
 ---> RabbitMQ.Client.Exceptions.ConnectFailureException: Connection failed, host 127.0.0.1:5672
 ---> System.Net.Sockets.SocketException (10061): No connection could be made because the target machine actively refused it.
   at System.Net.Sockets.Socket.AwaitableSocketAsyncEventArgs.ThrowException(SocketError error, CancellationToken cancellationToken)
   at System.Net.Sockets.Socket.AwaitableSocketAsyncEventArgs.System.Threading.Tasks.Sources.IValueTaskSource.GetResult(Int16 token)
   at System.Threading.Tasks.ValueTask.ValueTaskSourceAsTask.<>c.<.cctor>b__4_0(Object state)
--- End of stack trace from previous location ---
   at RabbitMQ.Client.Impl.SocketFactory.ConnectUsingAddressFamilyAsync(IPEndPoint endpoint, Func`2 socketFactory, AddressFamily family, TimeSpan connectionTimeout, CancellationToken cancellationToken)
   --- End of inner exception stack trace ---
   at RabbitMQ.Client.Impl.SocketFactory.ConnectUsingAddressFamilyAsync(IPEndPoint endpoint, Func`2 socketFactory, AddressFamily family, TimeSpan connectionTimeout, CancellationToken cancellationToken)
   at RabbitMQ.Client.Impl.SocketFactory.OpenAsync(AmqpTcpEndpoint amqpTcpEndpoint, Func`2 socketFactory, TimeSpan connectionTimeout, CancellationToken cancellationToken)
   at RabbitMQ.Client.Impl.SocketFrameHandler.CreateAsync(AmqpTcpEndpoint amqpTcpEndpoint, Func`2 socketFactory, TimeSpan connectionTimeout, CancellationToken cancellationToken)
   at RabbitMQ.Client.ConnectionFactory.CreateFrameHandlerAsync(AmqpTcpEndpoint endpoint, CancellationToken cancellationToken)
   at RabbitMQ.Client.EndpointResolverExtensions.SelectOneAsync[T](IEndpointResolver resolver, Func`3 selector, CancellationToken cancellationToken)
   --- End of inner exception stack trace ---
   at RabbitMQ.Client.EndpointResolverExtensions.SelectOneAsync[T](IEndpointResolver resolver, Func`3 selector, CancellationToken cancellationToken)
   at RabbitMQ.Client.ConnectionFactory.CreateConnectionAsync(IEndpointResolver endpointResolver, String clientProvidedName, CancellationToken cancellationToken)
   --- End of inner exception stack trace ---
   at RabbitMQ.Client.ConnectionFactory.CreateConnectionAsync(IEndpointResolver endpointResolver, String clientProvidedName, CancellationToken cancellationToken)
   at MassTransit.RabbitMqTransport.ConnectionContextFactory.CreateConnection(ISupervisor supervisor) in /_/src/Transports/MassTransit.RabbitMqTransport/RabbitMqTransport/ConnectionContextFactory.cs:line 108
   --- End of inner exception stack trace ---
   at MassTransit.RabbitMqTransport.ConnectionContextFactory.CreateConnection(ISupervisor supervisor) in /_/src/Transports/MassTransit.RabbitMqTransport/RabbitMqTransport/ConnectionContextFactory.cs:line 135
   at MassTransit.Internals.TaskExtensions.<>c__DisplayClass2_0`1.<<OrCanceled>g__WaitAsync|0>d.MoveNext() in /_/src/MassTransit.Abstractions/Internals/Extensions/TaskExtensions.cs:line 72
--- End of stack trace from previous location ---
   at MassTransit.Internals.TaskExtensions.<>c__DisplayClass2_0`1.<<OrCanceled>g__WaitAsync|0>d.MoveNext() in /_/src/MassTransit.Abstractions/Internals/Extensions/TaskExtensions.cs:line 72
--- End of stack trace from previous location ---
   at MassTransit.RabbitMqTransport.ConnectionContextFactory.CreateSharedConnection(Task`1 contextTask, CancellationToken cancellationToken) in /_/src/Transports/MassTransit.RabbitMqTransport/RabbitMqTransport/ConnectionContextFactory.cs:line 74
   at MassTransit.Agents.PipeContextSupervisor`1.Send(IPipe`1 pipe, CancellationToken cancellationToken) in /_/src/MassTransit/Agents/PipeContextSupervisor.cs:line 51
   at MassTransit.Agents.PipeContextSupervisor`1.Send(IPipe`1 pipe, CancellationToken cancellationToken) in /_/src/MassTransit/Agents/PipeContextSupervisor.cs:line 61
   at MassTransit.Agents.PipeContextSupervisor`1.Send(IPipe`1 pipe, CancellationToken cancellationToken) in /_/src/MassTransit/Agents/PipeContextSupervisor.cs:line 67
   at MassTransit.SupervisorExtensions.<>c__DisplayClass5_0`2.<<CreateAgent>g__HandleSupervisorTask|0>d.MoveNext() in /_/src/MassTransit/SupervisorExtensions.cs:line 139
   at MassTransit.Internals.TaskExtensions.<>c__DisplayClass2_0`1.<<OrCanceled>g__WaitAsync|0>d.MoveNext() in /_/src/MassTransit.Abstractions/Internals/Extensions/TaskExtensions.cs:line 72
--- End of stack trace from previous location ---
   at MassTransit.Internals.TaskExtensions.<>c__DisplayClass2_0`1.<<OrCanceled>g__WaitAsync|0>d.MoveNext() in /_/src/MassTransit.Abstractions/Internals/Extensions/TaskExtensions.cs:line 72
--- End of stack trace from previous location ---
   at MassTransit.RabbitMqTransport.ChannelContextFactory.CreateSharedChannel(Task`1 contextTask, CancellationToken cancellationToken) in /_/src/Transports/MassTransit.RabbitMqTransport/RabbitMqTransport/ChannelContextFactory.cs:line 79
   at MassTransit.Agents.PipeContextSupervisor`1.Send(IPipe`1 pipe, CancellationToken cancellationToken) in /_/src/MassTransit/Agents/PipeContextSupervisor.cs:line 51
   at MassTransit.Agents.PipeContextSupervisor`1.Send(IPipe`1 pipe, CancellationToken cancellationToken) in /_/src/MassTransit/Agents/PipeContextSupervisor.cs:line 61
   at MassTransit.Internals.TaskExtensions.<>c__DisplayClass2_0`1.<<OrCanceled>g__WaitAsync|0>d.MoveNext() in /_/src/MassTransit.Abstractions/Internals/Extensions/TaskExtensions.cs:line 72
--- End of stack trace from previous location ---
   at MassTransit.Agents.PipeContextSupervisor`1.Send(IPipe`1 pipe, CancellationToken cancellationToken) in /_/src/MassTransit/Agents/PipeContextSupervisor.cs:line 67
   at MassTransit.Transports.ReceiveTransport`1.ReceiveTransportAgent.RunTransport() in /_/src/MassTransit/Transports/ReceiveTransport.cs:line 203
   at MassTransit.Agents.PipeContextSupervisor`1.Send(IPipe`1 pipe, CancellationToken cancellationToken) in /_/src/MassTransit/Agents/PipeContextSupervisor.cs:line 51
   at MassTransit.RabbitMqTransport.ChannelContextFactory.CreateSharedChannel(Task`1 contextTask, CancellationToken cancellationToken) in /_/src/Transports/MassTransit.RabbitMqTransport/RabbitMqTransport/ChannelContextFactory.cs:line 79
   at MassTransit.Agents.PipeContextSupervisor`1.Send(IPipe`1 pipe, CancellationToken cancellationToken) in /_/src/MassTransit/Agents/PipeContextSupervisor.cs:line 61
   at MassTransit.Agents.PipeContextSupervisor`1.Send(IPipe`1 pipe, CancellationToken cancellationToken) in /_/src/MassTransit/Agents/PipeContextSupervisor.cs:line 67
   at MassTransit.Transports.TransportStartExtensions.OnTransportStartup[T](ReceiveEndpointContext context, ITransportSupervisor`1 supervisor, CancellationToken cancellationToken) in /_/src/MassTransit/Transports/TransportStartExtensions.cs:line 19
   at MassTransit.Transports.ReceiveTransport`1.ReceiveTransportAgent.RunTransport() in /_/src/MassTransit/Transports/ReceiveTransport.cs:line 200
   at MassTransit.Transports.ReceiveTransport`1.ReceiveTransportAgent.RunTransport() in /_/src/MassTransit/Transports/ReceiveTransport.cs:line 208
   at MassTransit.Transports.ReceiveTransport`1.ReceiveTransportAgent.RunTransport() in /_/src/MassTransit/Transports/ReceiveTransport.cs:line 208
   at MassTransit.Transports.ReceiveTransport`1.ReceiveTransportAgent.RunTransport() in /_/src/MassTransit/Transports/ReceiveTransport.cs:line 208
   at MassTransit.Transports.ReceiveTransport`1.ReceiveTransportAgent.RunTransport() in /_/src/MassTransit/Transports/ReceiveTransport.cs:line 208
   at MassTransit.Transports.ReceiveTransport`1.ReceiveTransportAgent.Run() in /_/src/MassTransit/Transports/ReceiveTransport.cs:line 145
   at MassTransit.Transports.ReceiveTransport`1.ReceiveTransportAgent.Run() in /_/src/MassTransit/Transports/ReceiveTransport.cs:line 145
2026-08-10 23:25:24 [WRN] [PaymentService] Failed to stop bus: "rabbitmq://localhost/A17_SmartShipPaymentAPI_bus_5y4oyygpf6quxh6qbdxxqndsry?temporary=true" (Not Started)
2026-08-10 23:31:32 [INF] [PaymentService] Payment database migrated successfully.
2026-08-10 23:31:32 [INF] [PaymentService] Configured endpoint payment-shipment-cancelled-by-customer, Consumer: SmartShip.PaymentService.Infrastructure.Messaging.Consumers.ShipmentCancelledByCustomerConsumer
2026-08-10 23:31:32 [INF] [PaymentService] Configured endpoint payment-shipment-cancelled, Consumer: SmartShip.PaymentService.Infrastructure.Messaging.Consumers.ShipmentCancelledConsumer
2026-08-10 23:31:32 [INF] [PaymentService] Configured endpoint payment-user-deleted, Consumer: SmartShip.PaymentService.Infrastructure.Messaging.Consumers.UserDeletedConsumer
2026-08-10 23:31:33 [INF] [PaymentService] Bus started: "rabbitmq://localhost/"
2026-08-10 23:31:42 [INF] [PaymentService] Bus stopped: "rabbitmq://localhost/"
2026-08-10 23:42:07 [INF] [PaymentService] Payment database migrated successfully.
2026-08-10 23:42:08 [INF] [PaymentService] Configured endpoint payment-shipment-cancelled-by-customer, Consumer: SmartShip.PaymentService.Infrastructure.Messaging.Consumers.ShipmentCancelledByCustomerConsumer
2026-08-10 23:42:08 [INF] [PaymentService] Configured endpoint payment-shipment-cancelled, Consumer: SmartShip.PaymentService.Infrastructure.Messaging.Consumers.ShipmentCancelledConsumer
2026-08-10 23:42:08 [INF] [PaymentService] Configured endpoint payment-user-deleted, Consumer: SmartShip.PaymentService.Infrastructure.Messaging.Consumers.UserDeletedConsumer
2026-08-10 23:42:08 [INF] [PaymentService] Bus started: "rabbitmq://localhost/"
2026-08-10 23:42:26 [INF] [PaymentService] Bus stopped: "rabbitmq://localhost/"
